Table 1: Code Frequency by Participant Type;;;;;Table 3: Code Frequency by Sport;;;;;;Table 4: Code Saturation Analysis;;;;;;;;;;;;;;;;;;;;
Code;Athlete;Coach;Total;;Code;Football;Basketball;Total;;;code;instances;unique_participants;unique_teams;pct_participants;pct_teams;;;;;;;;;;;;;;;
trust_safety;103;28;131;;trust_safety;101;30;131;;;trust_safety;131;48;8;100,0;100,0;;;;;;;;;;;;;;;
positive_acceptance;79;31;110;;positive_acceptance;86;23;109;;;positive_acceptance;110;45;8;93,8;100,0;;;;;;;;;;;;;;;
positive_circulation_response;70;19;89;;positive_circulation_response;71;18;89;;;positive_circulation_response;89;46;8;95,8;100,0;;;;;;;;;;;;;;;
equipment_preference;77;9;86;;equipment_preference;68;18;86;;;equipment_preference;86;47;8;97,9;100,0;;;;;;;;;;;;;;;
motivation_reward;56;19;75;;social_comfort_broad;60;13;73;;;motivation_reward;75;44;8;91,7;100,0;;;;;;;;;;;;;;;
social_comfort_broad;63;10;73;;motivation_reward;58;17;75;;;social_comfort_broad;73;42;8;87,5;100,0;;;;;;;;;;;;;;;
cost_access_barrier;39;22;61;;cost_access_barrier;50;11;61;;;app_preference;61;42;8;87,5;100,0;;;;;;;;;;;;;;;
app_preference;43;18;61;;app_preference;49;12;61;;;cost_access_barrier;61;35;8;72,9;100,0;;;;;;;;;;;;;;;
practical_system;42;19;61;;practical_system;42;18;60;;;practical_system;61;45;8;93,8;100,0;;;;;;;;;;;;;;;
community_support;36;21;57;;community_support;44;13;57;;;community_support;57;34;8;70,8;100,0;;;;;;;;;;;;;;;
inclusion_retention;14;10;24;;inclusion_retention;20;4;24;;;fairness_reciprocity;42;32;7;66,7;87,5;;;;;;;;;;;;;;;
fairness_reciprocity;40;2;42;;social_comfort_team;34;7;41;;;social_comfort_team;41;28;8;58,3;100,0;;;;;;;;;;;;;;;
social_comfort_team;26;15;41;;fairness_reciprocity;33;9;42;;;face_to_face_preference;33;29;7;60,4;87,5;;;;;;;;;;;;;;;
face_to_face_preference;33;0;33;;face_to_face_preference;26;7;33;;;negative_response;29;24;7;50,0;87,5;;;;;;;;;;;;;;;
negative_response;19;10;29;;negative_response;26;3;29;;;hygiene_quality_concern;25;22;7;45,8;87,5;;;;;;;;;;;;;;;
hygiene_quality_concern;17;8;25;;hygiene_quality_concern;22;3;25;;;inclusion_retention;24;21;8;43,8;100,0;;;;;;;;;;;;;;;
skeptical_response;9;15;24;;skeptical_response;14;10;24;;;skeptical_response;24;17;8;35,4;100,0;;;;;;;;;;;;;;;
no_inclusion_retention;11;7;18;;no_inclusion_retention;12;6;18;;;no_inclusion_retention;18;16;8;33,3;100,0;;;;;;;;;;;;;;;
scam_risk;9;4;13;;scam_risk;9;4;13;;;scam_risk;13;13;6;27,1;75,0;;;;;;;;;;;;;;;
competition_pressure;0;10;10;;competition_pressure;5;5;10;;;competition_pressure;10;6;5;12,5;62,5;;;;;;;;;;;;;;;
TOTAL;786;277;1063;;TOTAL;830;231;1061;;;;;;;;;;;;;;;;;;;;;;;
;;;;;;;;;;;;;;;;;;;;;;;;;;;;;;;
;;;;;;;;;;;;;;;;;;;;;;;;;;;;;;;
;;;;;;;;;;;;;;;;;;;;;;;;;;;;;;;
Table 2: Code Frequency by Team;;;;;;;;;;;Table 5: Code Co-occurrence Matrix;;;;;;;;;;;;;;;;;;;;
Code;IF VP;Rasbo IP U16;Uppsala Basketball Lions;Uppsala Basketball P10;Uppsala IF U15;Uppsala IF U16;Uppsala IF U18;Uppsala Sirius U15;Total;;;trust_safety;social_comfort_broad;positive_circulation_response;positive_acceptance;social_comfort_team;community_support;cost_access_barrier;app_preference;practical_system;motivation_reward;fairness_reciprocity;hygiene_quality_concern;equipment_preference;face_to_face_preference;scam_risk;inclusion_retention;skeptical_response;competition_pressure;no_inclusion_retention;negative_response
trust_safety;21;21;14;16;19;13;6;21;131;;trust_safety;0;71;28;13;38;11;3;3;11;2;12;1;1;2;10;0;2;0;0;0
positive_acceptance;15;15;11;12;28;3;4;21;109;;social_comfort_broad;71;0;6;8;0;5;2;1;2;0;11;0;1;1;1;0;1;0;0;0
positive_circulation_response;15;13;7;11;14;10;2;17;89;;positive_circulation_response;28;6;0;2;22;8;4;4;3;2;2;4;10;0;1;0;2;1;0;0
equipment_preference;14;14;7;11;17;7;1;15;86;;positive_acceptance;13;8;2;0;2;8;9;7;8;7;0;3;0;1;1;2;1;1;0;0
social_comfort_broad;12;15;4;9;11;6;4;12;73;;social_comfort_team;38;0;22;2;0;7;1;0;0;1;1;0;0;0;0;0;1;0;0;0
motivation_reward;8;10;6;11;21;7;1;11;75;;community_support;11;5;8;8;7;0;3;3;1;1;11;0;2;0;0;6;0;1;1;0
cost_access_barrier;19;5;5;6;10;4;2;10;61;;cost_access_barrier;3;2;4;9;1;3;0;4;6;6;1;0;0;0;0;14;3;1;10;0
app_preference;11;7;5;7;12;5;3;11;61;;app_preference;3;1;4;7;0;3;4;0;8;6;0;2;0;24;0;1;2;0;0;0
practical_system;11;6;7;11;11;3;2;9;60;;practical_system;11;2;3;8;0;1;6;8;0;6;1;4;0;0;10;0;1;2;0;0
community_support;9;6;4;9;14;5;2;8;57;;motivation_reward;2;0;2;7;1;1;6;6;6;0;1;1;2;0;0;0;3;5;0;0
inclusion_retention;5;4;2;2;5;2;1;3;24;;fairness_reciprocity;12;11;2;0;1;11;1;0;1;1;0;2;0;0;0;0;1;0;0;0
social_comfort_team;6;6;4;3;8;8;1;5;41;;hygiene_quality_concern;1;0;4;3;0;0;0;2;4;1;2;0;14;0;2;0;2;0;0;0
fairness_reciprocity;7;6;4;5;5;7;0;8;42;;equipment_preference;1;1;10;0;0;2;0;0;0;2;0;14;0;0;0;0;1;0;0;0
face_to_face_preference;6;8;3;4;7;1;0;4;33;;face_to_face_preference;2;1;0;1;0;0;0;24;0;0;0;0;0;0;0;0;0;0;0;0
negative_response;7;0;0;3;10;2;1;6;29;;scam_risk;10;1;1;1;0;0;0;0;10;0;0;2;0;0;0;0;0;0;0;0
hygiene_quality_concern;3;5;1;2;3;5;0;6;25;;inclusion_retention;0;0;0;2;0;6;14;1;0;0;0;0;0;0;0;0;0;1;0;0
skeptical_response;4;2;3;7;3;3;1;1;24;;skeptical_response;2;1;2;1;1;0;3;2;1;3;1;2;1;0;0;0;0;1;0;0
no_inclusion_retention;2;2;3;3;2;1;1;4;18;;competition_pressure;0;0;1;1;0;1;1;0;2;5;0;0;0;0;0;1;1;0;0;0
scam_risk;4;0;2;2;2;0;1;2;13;;no_inclusion_retention;0;0;0;0;0;1;10;0;0;0;0;0;0;0;0;0;0;0;0;0
competition_pressure;0;1;2;3;3;1;0;0;10;;negative_response;0;0;0;0;0;0;0;0;0;0;0;0;0;0;0;0;0;0;0;0
TOTAL;179;146;94;137;205;93;33;174;1061;;;;;;;;;;;;;;;;;;;;;;
