participant_id;session_id;team_name;sport;question_key;code_1;code_2;;code_2 Frequency Table;;;;;;;;;;;;;;;;;;;;;;;;;;;;;;;;
T1_A01;T1;Uppsala Sirius U15;Football;Q1_Athlete;positive_acceptance;circular_exchange_engagement;;Code (6);Count;% of Total;;;;;;;;;;;;;;;;;;;;;;;;;;;;;;
T1_A01;T1;Uppsala Sirius U15;Football;Q2_Athlete;motivation_reward;incentive_governance;;circular_exchange_engagement;326;39,5%;;;;;;;;;;;;;;;;;;;;;;;;;;;;;;
T1_A01;T1;Uppsala Sirius U15;Football;Q3_Athlete;positive_acceptance;circular_exchange_engagement;;equity_and_retention;157;19,0%;;;;;;;;;;;;;;;;;;;;;;;;;;;;;;
T1_A01;T1;Uppsala Sirius U15;Football;Q4_Athlete;equipment_preference;circular_exchange_engagement;;trust_negotiation;139;16,8%;;;;;;;;;;;;;;;;;;;;;;;;;;;;;;
T1_A01;T1;Uppsala Sirius U15;Football;Q5_Athlete;"motivation_reward; hygiene_quality_concern; equipment_preference";"incentive_governance; circular_exchange_engagement";;incentive_governance;80;9,7%;;;;;;;;;;;;;;;;;;;;;;;;;;;;;;
T1_A01;T1;Uppsala Sirius U15;Football;Q6_Athlete;"app_preference; face_to_face_preference";exchange_modality_preference;;exchange_modality_preference;70;8,5%;;;;;;;;;;;;;;;;;;;;;;;;;;;;;;
T1_A01;T1;Uppsala Sirius U15;Football;Q7_Athlete;positive_acceptance;circular_exchange_engagement;;evaluative_stance;53;6,4%;;;;;;;;;;;;;;;;;;;;;;;;;;;;;;
T1_A01;T1;Uppsala Sirius U15;Football;Q8_Athlete;"social_comfort_broad; trust_safety";trust_negotiation;;TOTAL;825;100,0%;;;;;;;;;;;;;;;;;;;;;;;;;;;;;;
T1_A01;T1;Uppsala Sirius U15;Football;Q9_Athlete;"social_comfort_broad; positive_circulation_response; trust_safety";"trust_negotiation; circular_exchange_engagement";;;;;;;;;;;;;;;;;;;;;;;;;;;;;;;;;;
T1_A01;T1;Uppsala Sirius U15;Football;Q10_Athlete;positive_circulation_response;circular_exchange_engagement;;;;;;;;;;;;;;;;;;;;;;;;;;;;;;;;;;
T1_A01;T1;Uppsala Sirius U15;Football;Q11_Athlete;"cost_access_barrier; no_inclusion_retention";equity_and_retention;;Table 2: code_2 Occurrences by Question Key;;;;;;;;;;;;;;;;;;;;;;;;;;;;;;;;
T1_A01;T1;Uppsala Sirius U15;Football;Q12_Athlete;"cost_access_barrier; app_preference; practical_system";"equity_and_retention; exchange_modality_preference; circular_exchange_engagement";;Code;Q1_Athlete;Q2_Athlete;Q3_Athlete;Q4_Athlete;Q5_Athlete;Q6_Athlete;Q7_Athlete;Q8_Athlete;Q9_Athlete;Q10_Athlete;Q11_Athlete;Q12_Athlete;Q13_Athlete;Athlete Total;Q1_Coach;Q2_Coach;Q3_Coach;Q4_Coach;Q5_Coach;Q6_Coach;Q7_Coach;Q8_Coach;Q9_Coach;Q10_Coach;Q11_Coach;Q12_Coach;Q13_Coach;Q14_Coach;Q15_Coach;Q16_Coach;Coach Total;Grand Total
T1_A01;T1;Uppsala Sirius U15;Football;Q13_Athlete;practical_system;circular_exchange_engagement;;circular_exchange_engagement;29;8;37;39;39;1;1;7;5;37;0;18;37;258;0;1;1;9;4;6;6;5;4;1;1;3;9;9;3;6;68;326
T1_A02;T1;Uppsala Sirius U15;Football;Q1_Athlete;"motivation_reward; positive_acceptance";"incentive_governance; circular_exchange_engagement";;equity_and_retention;3;4;5;2;2;0;16;1;30;1;16;27;1;108;8;9;3;0;6;2;4;1;0;1;2;0;3;2;6;2;49;157
T1_A02;T1;Uppsala Sirius U15;Football;Q2_Athlete;motivation_reward;incentive_governance;;trust_negotiation;0;0;21;0;0;2;22;39;4;1;7;1;8;105;0;0;8;0;4;3;0;2;1;0;8;3;0;3;1;1;34;139
T1_A02;T1;Uppsala Sirius U15;Football;Q3_Athlete;"cost_access_barrier; positive_acceptance";"equity_and_retention; circular_exchange_engagement";;incentive_governance;9;31;1;1;1;0;10;0;2;0;0;1;0;56;2;0;2;0;0;0;1;4;8;5;0;0;0;0;1;1;24;80
T1_A02;T1;Uppsala Sirius U15;Football;Q4_Athlete;equipment_preference;circular_exchange_engagement;;exchange_modality_preference;5;1;0;0;0;37;3;2;0;0;1;2;1;52;0;0;0;0;0;0;5;2;1;0;0;0;4;2;0;4;18;70
T1_A02;T1;Uppsala Sirius U15;Football;Q5_Athlete;equipment_preference;circular_exchange_engagement;;evaluative_stance;0;1;1;0;0;0;3;0;2;2;17;0;2;28;0;0;0;0;2;3;0;2;2;3;0;5;0;2;3;3;25;53
T1_A02;T1;Uppsala Sirius U15;Football;Q6_Athlete;face_to_face_preference;exchange_modality_preference;;TOTAL;46;45;65;42;42;40;55;49;43;41;41;49;49;607;10;10;14;9;16;14;16;16;16;10;11;11;16;18;14;17;218;825
T1_A02;T1;Uppsala Sirius U15;Football;Q7_Athlete;fairness_reciprocity;equity_and_retention;;;;;;;;;;;;;;;;;;;;;;;;;;;;;;;;;;
T1_A02;T1;Uppsala Sirius U15;Football;Q8_Athlete;"social_comfort_broad; trust_safety";trust_negotiation;;;;;;;;;;;;;;;;;;;;;;;;;;;;;;;;;;
T1_A02;T1;Uppsala Sirius U15;Football;Q9_Athlete;community_support;equity_and_retention;;;;;;;;;;;;;;;;;;;;;;;;;;;;;;;;;;
T1_A02;T1;Uppsala Sirius U15;Football;Q10_Athlete;positive_circulation_response;circular_exchange_engagement;;;;;;;;;;;;;;;;;;;;;;;;;;;;;;;;;;
T1_A02;T1;Uppsala Sirius U15;Football;Q11_Athlete;"cost_access_barrier; no_inclusion_retention";equity_and_retention;;;;;;;;;;;;;;;;;;;;;;;;;;;;;;;;;;
T1_A02;T1;Uppsala Sirius U15;Football;Q12_Athlete;inclusion_retention;equity_and_retention;;;;;;;;;;;;;;;;;;;;;;;;;;;;;;;;;;
T1_A02;T1;Uppsala Sirius U15;Football;Q13_Athlete;practical_system;circular_exchange_engagement;;;;;;;;;;;;;;;;;;;;;;;;;;;;;;;;;;
T1_A03;T1;Uppsala Sirius U15;Football;Q1_Athlete;"motivation_reward; positive_acceptance";"incentive_governance; circular_exchange_engagement";;;;;;;;;;;;;;;;;;;;;;;;;;;;;;;;;;
T1_A03;T1;Uppsala Sirius U15;Football;Q2_Athlete;motivation_reward;incentive_governance;;;;;;;;;;;;;;;;;;;;;;;;;;;;;;;;;;
T1_A03;T1;Uppsala Sirius U15;Football;Q3_Athlete;positive_acceptance;circular_exchange_engagement;;;;;;;;;;;;;;;;;;;;;;;;;;;;;;;;;;
T1_A03;T1;Uppsala Sirius U15;Football;Q4_Athlete;"positive_circulation_response; equipment_preference";circular_exchange_engagement;;;;;;;;;;;;;;;;;;;;;;;;;;;;;;;;;;
T1_A03;T1;Uppsala Sirius U15;Football;Q5_Athlete;equipment_preference;circular_exchange_engagement;;;;;;;;;;;;;;;;;;;;;;;;;;;;;;;;;;
T1_A03;T1;Uppsala Sirius U15;Football;Q6_Athlete;app_preference;exchange_modality_preference;;;;;;;;;;;;;;;;;;;;;;;;;;;;;;;;;;
T1_A03;T1;Uppsala Sirius U15;Football;Q7_Athlete;fairness_reciprocity;equity_and_retention;;;;;;;;;;;;;;;;;;;;;;;;;;;;;;;;;;
T1_A03;T1;Uppsala Sirius U15;Football;Q8_Athlete;"social_comfort_broad; positive_acceptance; trust_safety";"trust_negotiation; circular_exchange_engagement";;;;;;;;;;;;;;;;;;;;;;;;;;;;;;;;;;
T1_A03;T1;Uppsala Sirius U15;Football;Q9_Athlete;fairness_reciprocity;equity_and_retention;;;;;;;;;;;;;;;;;;;;;;;;;;;;;;;;;;
T1_A03;T1;Uppsala Sirius U15;Football;Q10_Athlete;positive_circulation_response;circular_exchange_engagement;;;;;;;;;;;;;;;;;;;;;;;;;;;;;;;;;;
T1_A03;T1;Uppsala Sirius U15;Football;Q11_Athlete;"cost_access_barrier; no_inclusion_retention";equity_and_retention;;;;;;;;;;;;;;;;;;;;;;;;;;;;;;;;;;
T1_A03;T1;Uppsala Sirius U15;Football;Q12_Athlete;"cost_access_barrier; inclusion_retention";equity_and_retention;;;;;;;;;;;;;;;;;;;;;;;;;;;;;;;;;;
T1_A03;T1;Uppsala Sirius U15;Football;Q13_Athlete;negative_response;evaluative_stance;;;;;;;;;;;;;;;;;;;;;;;;;;;;;;;;;;
T1_A04;T1;Uppsala Sirius U15;Football;Q1_Athlete;positive_acceptance;circular_exchange_engagement;;;;;;;;;;;;;;;;;;;;;;;;;;;;;;;;;;
T1_A04;T1;Uppsala Sirius U15;Football;Q2_Athlete;motivation_reward;incentive_governance;;;;;;;;;;;;;;;;;;;;;;;;;;;;;;;;;;
T1_A04;T1;Uppsala Sirius U15;Football;Q3_Athlete;"social_comfort_team; positive_circulation_response; trust_safety";"trust_negotiation; circular_exchange_engagement";;;;;;;;;;;;;;;;;;;;;;;;;;;;;;;;;;
T1_A04;T1;Uppsala Sirius U15;Football;Q4_Athlete;"positive_circulation_response; equipment_preference";circular_exchange_engagement;;;;;;;;;;;;;;;;;;;;;;;;;;;;;;;;;;
T1_A04;T1;Uppsala Sirius U15;Football;Q5_Athlete;equipment_preference;circular_exchange_engagement;;;;;;;;;;;;;;;;;;;;;;;;;;;;;;;;;;
T1_A04;T1;Uppsala Sirius U15;Football;Q6_Athlete;app_preference;exchange_modality_preference;;;;;;;;;;;;;;;;;;;;;;;;;;;;;;;;;;
T1_A04;T1;Uppsala Sirius U15;Football;Q7_Athlete;"app_preference; face_to_face_preference";exchange_modality_preference;;;;;;;;;;;;;;;;;;;;;;;;;;;;;;;;;;
T1_A04;T1;Uppsala Sirius U15;Football;Q8_Athlete;"social_comfort_team; trust_safety";trust_negotiation;;;;;;;;;;;;;;;;;;;;;;;;;;;;;;;;;;
T1_A04;T1;Uppsala Sirius U15;Football;Q9_Athlete;"cost_access_barrier; fairness_reciprocity";equity_and_retention;;;;;;;;;;;;;;;;;;;;;;;;;;;;;;;;;;
T1_A04;T1;Uppsala Sirius U15;Football;Q10_Athlete;positive_circulation_response;circular_exchange_engagement;;;;;;;;;;;;;;;;;;;;;;;;;;;;;;;;;;
T1_A04;T1;Uppsala Sirius U15;Football;Q11_Athlete;negative_response;evaluative_stance;;;;;;;;;;;;;;;;;;;;;;;;;;;;;;;;;;
T1_A04;T1;Uppsala Sirius U15;Football;Q12_Athlete;"cost_access_barrier; social_comfort_broad; positive_acceptance; trust_safety";"equity_and_retention; trust_negotiation; circular_exchange_engagement";;;;;;;;;;;;;;;;;;;;;;;;;;;;;;;;;;
T1_A04;T1;Uppsala Sirius U15;Football;Q13_Athlete;"practical_system; community_support";"circular_exchange_engagement; equity_and_retention";;;;;;;;;;;;;;;;;;;;;;;;;;;;;;;;;;
T1_A05;T1;Uppsala Sirius U15;Football;Q1_Athlete;positive_acceptance;circular_exchange_engagement;;;;;;;;;;;;;;;;;;;;;;;;;;;;;;;;;;
T1_A05;T1;Uppsala Sirius U15;Football;Q2_Athlete;"motivation_reward; app_preference";"incentive_governance; exchange_modality_preference";;;;;;;;;;;;;;;;;;;;;;;;;;;;;;;;;;
T1_A05;T1;Uppsala Sirius U15;Football;Q3_Athlete;positive_acceptance;circular_exchange_engagement;;;;;;;;;;;;;;;;;;;;;;;;;;;;;;;;;;
T1_A05;T1;Uppsala Sirius U15;Football;Q4_Athlete;equipment_preference;circular_exchange_engagement;;;;;;;;;;;;;;;;;;;;;;;;;;;;;;;;;;
T1_A05;T1;Uppsala Sirius U15;Football;Q5_Athlete;equipment_preference;circular_exchange_engagement;;;;;;;;;;;;;;;;;;;;;;;;;;;;;;;;;;
T1_A05;T1;Uppsala Sirius U15;Football;Q6_Athlete;app_preference;exchange_modality_preference;;;;;;;;;;;;;;;;;;;;;;;;;;;;;;;;;;
T1_A05;T1;Uppsala Sirius U15;Football;Q7_Athlete;"fairness_reciprocity; social_comfort_broad; trust_safety";"equity_and_retention; trust_negotiation";;;;;;;;;;;;;;;;;;;;;;;;;;;;;;;;;;
T1_A05;T1;Uppsala Sirius U15;Football;Q8_Athlete;"community_support; positive_acceptance; social_comfort_broad; trust_safety";"equity_and_retention; circular_exchange_engagement; trust_negotiation";;;;;;;;;;;;;;;;;;;;;;;;;;;;;;;;;;
T1_A05;T1;Uppsala Sirius U15;Football;Q9_Athlete;"fairness_reciprocity; community_support";equity_and_retention;;;;;;;;;;;;;;;;;;;;;;;;;;;;;;;;;;
T1_A05;T1;Uppsala Sirius U15;Football;Q10_Athlete;positive_circulation_response;circular_exchange_engagement;;;;;;;;;;;;;;;;;;;;;;;;;;;;;;;;;;
T1_A05;T1;Uppsala Sirius U15;Football;Q11_Athlete;negative_response;evaluative_stance;;;;;;;;;;;;;;;;;;;;;;;;;;;;;;;;;;
T1_A05;T1;Uppsala Sirius U15;Football;Q12_Athlete;"practical_system; positive_acceptance";circular_exchange_engagement;;;;;;;;;;;;;;;;;;;;;;;;;;;;;;;;;;
T1_A05;T1;Uppsala Sirius U15;Football;Q13_Athlete;"practical_system; positive_acceptance";circular_exchange_engagement;;;;;;;;;;;;;;;;;;;;;;;;;;;;;;;;;;
T1_A06;T1;Uppsala Sirius U15;Football;Q1_Athlete;app_preference;exchange_modality_preference;;;;;;;;;;;;;;;;;;;;;;;;;;;;;;;;;;
T1_A06;T1;Uppsala Sirius U15;Football;Q2_Athlete;motivation_reward;incentive_governance;;;;;;;;;;;;;;;;;;;;;;;;;;;;;;;;;;
T1_A06;T1;Uppsala Sirius U15;Football;Q3_Athlete;"social_comfort_team; positive_circulation_response; trust_safety";"trust_negotiation; circular_exchange_engagement";;;;;;;;;;;;;;;;;;;;;;;;;;;;;;;;;;
T1_A06;T1;Uppsala Sirius U15;Football;Q4_Athlete;"hygiene_quality_concern; equipment_preference";circular_exchange_engagement;;;;;;;;;;;;;;;;;;;;;;;;;;;;;;;;;;
T1_A06;T1;Uppsala Sirius U15;Football;Q5_Athlete;"hygiene_quality_concern; equipment_preference";circular_exchange_engagement;;;;;;;;;;;;;;;;;;;;;;;;;;;;;;;;;;
T1_A06;T1;Uppsala Sirius U15;Football;Q6_Athlete;"app_preference; face_to_face_preference";exchange_modality_preference;;;;;;;;;;;;;;;;;;;;;;;;;;;;;;;;;;
T1_A06;T1;Uppsala Sirius U15;Football;Q7_Athlete;negative_response;evaluative_stance;;;;;;;;;;;;;;;;;;;;;;;;;;;;;;;;;;
T1_A06;T1;Uppsala Sirius U15;Football;Q8_Athlete;"social_comfort_team; trust_safety";trust_negotiation;;;;;;;;;;;;;;;;;;;;;;;;;;;;;;;;;;
T1_A06;T1;Uppsala Sirius U15;Football;Q9_Athlete;skeptical_response;evaluative_stance;;;;;;;;;;;;;;;;;;;;;;;;;;;;;;;;;;
T1_A06;T1;Uppsala Sirius U15;Football;Q10_Athlete;"positive_circulation_response; hygiene_quality_concern";circular_exchange_engagement;;;;;;;;;;;;;;;;;;;;;;;;;;;;;;;;;;
T1_A06;T1;Uppsala Sirius U15;Football;Q11_Athlete;"cost_access_barrier; no_inclusion_retention";equity_and_retention;;;;;;;;;;;;;;;;;;;;;;;;;;;;;;;;;;
T1_A06;T1;Uppsala Sirius U15;Football;Q12_Athlete;community_support;equity_and_retention;;;;;;;;;;;;;;;;;;;;;;;;;;;;;;;;;;
T1_A06;T1;Uppsala Sirius U15;Football;Q13_Athlete;practical_system;circular_exchange_engagement;;;;;;;;;;;;;;;;;;;;;;;;;;;;;;;;;;
T1_A07;T1;Uppsala Sirius U15;Football;Q1_Athlete;positive_acceptance;circular_exchange_engagement;;;;;;;;;;;;;;;;;;;;;;;;;;;;;;;;;;
T1_A07;T1;Uppsala Sirius U15;Football;Q2_Athlete;motivation_reward;incentive_governance;;;;;;;;;;;;;;;;;;;;;;;;;;;;;;;;;;
T1_A07;T1;Uppsala Sirius U15;Football;Q3_Athlete;"social_comfort_broad; positive_circulation_response; community_support; trust_safety";"trust_negotiation; circular_exchange_engagement; equity_and_retention";;;;;;;;;;;;;;;;;;;;;;;;;;;;;;;;;;
T1_A07;T1;Uppsala Sirius U15;Football;Q4_Athlete;"positive_circulation_response; equipment_preference";circular_exchange_engagement;;;;;;;;;;;;;;;;;;;;;;;;;;;;;;;;;;
T1_A07;T1;Uppsala Sirius U15;Football;Q5_Athlete;"hygiene_quality_concern; positive_circulation_response; equipment_preference";circular_exchange_engagement;;;;;;;;;;;;;;;;;;;;;;;;;;;;;;;;;;
T1_A07;T1;Uppsala Sirius U15;Football;Q6_Athlete;"trust_safety; app_preference";"trust_negotiation; exchange_modality_preference";;;;;;;;;;;;;;;;;;;;;;;;;;;;;;;;;;
T1_A07;T1;Uppsala Sirius U15;Football;Q7_Athlete;"social_comfort_broad; trust_safety";trust_negotiation;;;;;;;;;;;;;;;;;;;;;;;;;;;;;;;;;;
T1_A07;T1;Uppsala Sirius U15;Football;Q8_Athlete;"app_preference; trust_safety";"exchange_modality_preference; trust_negotiation";;;;;;;;;;;;;;;;;;;;;;;;;;;;;;;;;;
T1_A07;T1;Uppsala Sirius U15;Football;Q9_Athlete;"fairness_reciprocity; social_comfort_team; community_support; trust_safety";"equity_and_retention; trust_negotiation";;;;;;;;;;;;;;;;;;;;;;;;;;;;;;;;;;
T1_A07;T1;Uppsala Sirius U15;Football;Q10_Athlete;positive_circulation_response;circular_exchange_engagement;;;;;;;;;;;;;;;;;;;;;;;;;;;;;;;;;;
T1_A07;T1;Uppsala Sirius U15;Football;Q11_Athlete;negative_response;evaluative_stance;;;;;;;;;;;;;;;;;;;;;;;;;;;;;;;;;;
T1_A07;T1;Uppsala Sirius U15;Football;Q12_Athlete;"cost_access_barrier; positive_acceptance";"equity_and_retention; circular_exchange_engagement";;;;;;;;;;;;;;;;;;;;;;;;;;;;;;;;;;
T1_A07;T1;Uppsala Sirius U15;Football;Q13_Athlete;"practical_system; scam_risk; trust_safety";"circular_exchange_engagement; trust_negotiation";;;;;;;;;;;;;;;;;;;;;;;;;;;;;;;;;;
T1_A08;T1;Uppsala Sirius U15;Football;Q1_Athlete;positive_acceptance;circular_exchange_engagement;;;;;;;;;;;;;;;;;;;;;;;;;;;;;;;;;;
T1_A08;T1;Uppsala Sirius U15;Football;Q2_Athlete;"motivation_reward; positive_acceptance";"incentive_governance; circular_exchange_engagement";;;;;;;;;;;;;;;;;;;;;;;;;;;;;;;;;;
T1_A08;T1;Uppsala Sirius U15;Football;Q3_Athlete;positive_acceptance;circular_exchange_engagement;;;;;;;;;;;;;;;;;;;;;;;;;;;;;;;;;;
T1_A08;T1;Uppsala Sirius U15;Football;Q4_Athlete;equipment_preference;circular_exchange_engagement;;;;;;;;;;;;;;;;;;;;;;;;;;;;;;;;;;
T1_A08;T1;Uppsala Sirius U15;Football;Q5_Athlete;hygiene_quality_concern;circular_exchange_engagement;;;;;;;;;;;;;;;;;;;;;;;;;;;;;;;;;;
T1_A08;T1;Uppsala Sirius U15;Football;Q6_Athlete;"social_comfort_broad; trust_safety";trust_negotiation;;;;;;;;;;;;;;;;;;;;;;;;;;;;;;;;;;
T1_A08;T1;Uppsala Sirius U15;Football;Q7_Athlete;"social_comfort_broad; trust_safety";trust_negotiation;;;;;;;;;;;;;;;;;;;;;;;;;;;;;;;;;;
T1_A08;T1;Uppsala Sirius U15;Football;Q8_Athlete;"social_comfort_broad; trust_safety";trust_negotiation;;;;;;;;;;;;;;;;;;;;;;;;;;;;;;;;;;
T1_A08;T1;Uppsala Sirius U15;Football;Q9_Athlete;"fairness_reciprocity; positive_circulation_response";"equity_and_retention; circular_exchange_engagement";;;;;;;;;;;;;;;;;;;;;;;;;;;;;;;;;;
T1_A08;T1;Uppsala Sirius U15;Football;Q10_Athlete;positive_circulation_response;circular_exchange_engagement;;;;;;;;;;;;;;;;;;;;;;;;;;;;;;;;;;
T1_A08;T1;Uppsala Sirius U15;Football;Q11_Athlete;negative_response;evaluative_stance;;;;;;;;;;;;;;;;;;;;;;;;;;;;;;;;;;
T1_A08;T1;Uppsala Sirius U15;Football;Q12_Athlete;"inclusion_retention; community_support; positive_acceptance";"equity_and_retention; circular_exchange_engagement";;;;;;;;;;;;;;;;;;;;;;;;;;;;;;;;;;
T1_A08;T1;Uppsala Sirius U15;Football;Q13_Athlete;"practical_system; trust_safety; scam_risk";"circular_exchange_engagement; trust_negotiation";;;;;;;;;;;;;;;;;;;;;;;;;;;;;;;;;;
T2_A01;T2;Uppsala Basketball Lions;Basketball;Q1_Athlete;positive_acceptance;circular_exchange_engagement;;;;;;;;;;;;;;;;;;;;;;;;;;;;;;;;;;
T2_A01;T2;Uppsala Basketball Lions;Basketball;Q2_Athlete;motivation_reward;incentive_governance;;;;;;;;;;;;;;;;;;;;;;;;;;;;;;;;;;
T2_A01;T2;Uppsala Basketball Lions;Basketball;Q3_Athlete;positive_acceptance;circular_exchange_engagement;;;;;;;;;;;;;;;;;;;;;;;;;;;;;;;;;;
T2_A01;T2;Uppsala Basketball Lions;Basketball;Q4_Athlete;equipment_preference;circular_exchange_engagement;;;;;;;;;;;;;;;;;;;;;;;;;;;;;;;;;;
T2_A01;T2;Uppsala Basketball Lions;Basketball;Q5_Athlete;equipment_preference;circular_exchange_engagement;;;;;;;;;;;;;;;;;;;;;;;;;;;;;;;;;;
T2_A01;T2;Uppsala Basketball Lions;Basketball;Q6_Athlete;app_preference;exchange_modality_preference;;;;;;;;;;;;;;;;;;;;;;;;;;;;;;;;;;
T2_A01;T2;Uppsala Basketball Lions;Basketball;Q7_Athlete;"fairness_reciprocity; social_comfort_broad; trust_safety";"equity_and_retention; trust_negotiation";;;;;;;;;;;;;;;;;;;;;;;;;;;;;;;;;;
T2_A01;T2;Uppsala Basketball Lions;Basketball;Q8_Athlete;trust_safety;trust_negotiation;;;;;;;;;;;;;;;;;;;;;;;;;;;;;;;;;;
T2_A01;T2;Uppsala Basketball Lions;Basketball;Q9_Athlete;"motivation_reward; fairness_reciprocity";"incentive_governance; equity_and_retention";;;;;;;;;;;;;;;;;;;;;;;;;;;;;;;;;;
T2_A01;T2;Uppsala Basketball Lions;Basketball;Q10_Athlete;positive_circulation_response;circular_exchange_engagement;;;;;;;;;;;;;;;;;;;;;;;;;;;;;;;;;;
T2_A01;T2;Uppsala Basketball Lions;Basketball;Q11_Athlete;no_inclusion_retention;equity_and_retention;;;;;;;;;;;;;;;;;;;;;;;;;;;;;;;;;;
T2_A01;T2;Uppsala Basketball Lions;Basketball;Q12_Athlete;positive_acceptance;circular_exchange_engagement;;;;;;;;;;;;;;;;;;;;;;;;;;;;;;;;;;
T2_A01;T2;Uppsala Basketball Lions;Basketball;Q13_Athlete;practical_system;circular_exchange_engagement;;;;;;;;;;;;;;;;;;;;;;;;;;;;;;;;;;
T2_A02;T2;Uppsala Basketball Lions;Basketball;Q1_Athlete;"app_preference; positive_acceptance";"exchange_modality_preference; circular_exchange_engagement";;;;;;;;;;;;;;;;;;;;;;;;;;;;;;;;;;
T2_A02;T2;Uppsala Basketball Lions;Basketball;Q2_Athlete;"motivation_reward; positive_acceptance";"incentive_governance; circular_exchange_engagement";;;;;;;;;;;;;;;;;;;;;;;;;;;;;;;;;;
T2_A02;T2;Uppsala Basketball Lions;Basketball;Q3_Athlete;positive_acceptance;circular_exchange_engagement;;;;;;;;;;;;;;;;;;;;;;;;;;;;;;;;;;
T2_A02;T2;Uppsala Basketball Lions;Basketball;Q4_Athlete;equipment_preference;circular_exchange_engagement;;;;;;;;;;;;;;;;;;;;;;;;;;;;;;;;;;
T2_A02;T2;Uppsala Basketball Lions;Basketball;Q5_Athlete;equipment_preference;circular_exchange_engagement;;;;;;;;;;;;;;;;;;;;;;;;;;;;;;;;;;
T2_A02;T2;Uppsala Basketball Lions;Basketball;Q6_Athlete;"app_preference; face_to_face_preference";exchange_modality_preference;;;;;;;;;;;;;;;;;;;;;;;;;;;;;;;;;;
T2_A02;T2;Uppsala Basketball Lions;Basketball;Q7_Athlete;"trust_safety; face_to_face_preference";"trust_negotiation; exchange_modality_preference";;;;;;;;;;;;;;;;;;;;;;;;;;;;;;;;;;
T2_A02;T2;Uppsala Basketball Lions;Basketball;Q8_Athlete;trust_safety;trust_negotiation;;;;;;;;;;;;;;;;;;;;;;;;;;;;;;;;;;
T2_A02;T2;Uppsala Basketball Lions;Basketball;Q9_Athlete;practical_system;circular_exchange_engagement;;;;;;;;;;;;;;;;;;;;;;;;;;;;;;;;;;
T2_A02;T2;Uppsala Basketball Lions;Basketball;Q10_Athlete;positive_circulation_response;circular_exchange_engagement;;;;;;;;;;;;;;;;;;;;;;;;;;;;;;;;;;
T2_A02;T2;Uppsala Basketball Lions;Basketball;Q11_Athlete;no_inclusion_retention;equity_and_retention;;;;;;;;;;;;;;;;;;;;;;;;;;;;;;;;;;
T2_A02;T2;Uppsala Basketball Lions;Basketball;Q12_Athlete;"cost_access_barrier; inclusion_retention";equity_and_retention;;;;;;;;;;;;;;;;;;;;;;;;;;;;;;;;;;
T2_A02;T2;Uppsala Basketball Lions;Basketball;Q13_Athlete;practical_system;circular_exchange_engagement;;;;;;;;;;;;;;;;;;;;;;;;;;;;;;;;;;
T2_A03;T2;Uppsala Basketball Lions;Basketball;Q1_Athlete;positive_acceptance;circular_exchange_engagement;;;;;;;;;;;;;;;;;;;;;;;;;;;;;;;;;;
T2_A03;T2;Uppsala Basketball Lions;Basketball;Q2_Athlete;motivation_reward;incentive_governance;;;;;;;;;;;;;;;;;;;;;;;;;;;;;;;;;;
T2_A03;T2;Uppsala Basketball Lions;Basketball;Q3_Athlete;"social_comfort_team; positive_circulation_response; trust_safety";"trust_negotiation; circular_exchange_engagement";;;;;;;;;;;;;;;;;;;;;;;;;;;;;;;;;;
T2_A03;T2;Uppsala Basketball Lions;Basketball;Q4_Athlete;equipment_preference;circular_exchange_engagement;;;;;;;;;;;;;;;;;;;;;;;;;;;;;;;;;;
T2_A03;T2;Uppsala Basketball Lions;Basketball;Q5_Athlete;equipment_preference;circular_exchange_engagement;;;;;;;;;;;;;;;;;;;;;;;;;;;;;;;;;;
T2_A03;T2;Uppsala Basketball Lions;Basketball;Q6_Athlete;"app_preference; face_to_face_preference";exchange_modality_preference;;;;;;;;;;;;;;;;;;;;;;;;;;;;;;;;;;
T2_A03;T2;Uppsala Basketball Lions;Basketball;Q7_Athlete;"fairness_reciprocity; social_comfort_broad; trust_safety";"equity_and_retention; trust_negotiation";;;;;;;;;;;;;;;;;;;;;;;;;;;;;;;;;;
T2_A03;T2;Uppsala Basketball Lions;Basketball;Q8_Athlete;"social_comfort_broad; trust_safety";trust_negotiation;;;;;;;;;;;;;;;;;;;;;;;;;;;;;;;;;;
T2_A03;T2;Uppsala Basketball Lions;Basketball;Q9_Athlete;fairness_reciprocity;equity_and_retention;;;;;;;;;;;;;;;;;;;;;;;;;;;;;;;;;;
T2_A03;T2;Uppsala Basketball Lions;Basketball;Q10_Athlete;positive_circulation_response;circular_exchange_engagement;;;;;;;;;;;;;;;;;;;;;;;;;;;;;;;;;;
T2_A03;T2;Uppsala Basketball Lions;Basketball;Q11_Athlete;"cost_access_barrier; no_inclusion_retention";equity_and_retention;;;;;;;;;;;;;;;;;;;;;;;;;;;;;;;;;;
T2_A03;T2;Uppsala Basketball Lions;Basketball;Q12_Athlete;positive_acceptance;circular_exchange_engagement;;;;;;;;;;;;;;;;;;;;;;;;;;;;;;;;;;
T2_A03;T2;Uppsala Basketball Lions;Basketball;Q13_Athlete;"practical_system; scam_risk; trust_safety";"circular_exchange_engagement; trust_negotiation";;;;;;;;;;;;;;;;;;;;;;;;;;;;;;;;;;
T3_A01;T3;Uppsala Basketball P10;Basketball;Q1_Athlete;motivation_reward;incentive_governance;;;;;;;;;;;;;;;;;;;;;;;;;;;;;;;;;;
T3_A01;T3;Uppsala Basketball P10;Basketball;Q2_Athlete;positive_acceptance;circular_exchange_engagement;;;;;;;;;;;;;;;;;;;;;;;;;;;;;;;;;;
T3_A01;T3;Uppsala Basketball P10;Basketball;Q3_Athlete;"social_comfort_team; positive_circulation_response; trust_safety";"trust_negotiation; circular_exchange_engagement";;;;;;;;;;;;;;;;;;;;;;;;;;;;;;;;;;
T3_A01;T3;Uppsala Basketball P10;Basketball;Q4_Athlete;equipment_preference;circular_exchange_engagement;;;;;;;;;;;;;;;;;;;;;;;;;;;;;;;;;;
T3_A01;T3;Uppsala Basketball P10;Basketball;Q5_Athlete;equipment_preference;circular_exchange_engagement;;;;;;;;;;;;;;;;;;;;;;;;;;;;;;;;;;
T3_A01;T3;Uppsala Basketball P10;Basketball;Q6_Athlete;app_preference;exchange_modality_preference;;;;;;;;;;;;;;;;;;;;;;;;;;;;;;;;;;
T3_A01;T3;Uppsala Basketball P10;Basketball;Q7_Athlete;motivation_reward;incentive_governance;;;;;;;;;;;;;;;;;;;;;;;;;;;;;;;;;;
T3_A01;T3;Uppsala Basketball P10;Basketball;Q8_Athlete;"social_comfort_broad; trust_safety";trust_negotiation;;;;;;;;;;;;;;;;;;;;;;;;;;;;;;;;;;
T3_A01;T3;Uppsala Basketball P10;Basketball;Q9_Athlete;skeptical_response;evaluative_stance;;;;;;;;;;;;;;;;;;;;;;;;;;;;;;;;;;
T3_A01;T3;Uppsala Basketball P10;Basketball;Q10_Athlete;"positive_circulation_response; trust_safety";"circular_exchange_engagement; trust_negotiation";;;;;;;;;;;;;;;;;;;;;;;;;;;;;;;;;;
T3_A01;T3;Uppsala Basketball P10;Basketball;Q11_Athlete;negative_response;evaluative_stance;;;;;;;;;;;;;;;;;;;;;;;;;;;;;;;;;;
T3_A01;T3;Uppsala Basketball P10;Basketball;Q12_Athlete;"cost_access_barrier; inclusion_retention";equity_and_retention;;;;;;;;;;;;;;;;;;;;;;;;;;;;;;;;;;
T3_A01;T3;Uppsala Basketball P10;Basketball;Q13_Athlete;practical_system;circular_exchange_engagement;;;;;;;;;;;;;;;;;;;;;;;;;;;;;;;;;;
T3_A02;T3;Uppsala Basketball P10;Basketball;Q1_Athlete;motivation_reward;incentive_governance;;;;;;;;;;;;;;;;;;;;;;;;;;;;;;;;;;
T3_A02;T3;Uppsala Basketball P10;Basketball;Q2_Athlete;positive_acceptance;circular_exchange_engagement;;;;;;;;;;;;;;;;;;;;;;;;;;;;;;;;;;
T3_A02;T3;Uppsala Basketball P10;Basketball;Q3_Athlete;"social_comfort_team; positive_circulation_response; trust_safety";"trust_negotiation; circular_exchange_engagement";;;;;;;;;;;;;;;;;;;;;;;;;;;;;;;;;;
T3_A02;T3;Uppsala Basketball P10;Basketball;Q4_Athlete;equipment_preference;circular_exchange_engagement;;;;;;;;;;;;;;;;;;;;;;;;;;;;;;;;;;
T3_A02;T3;Uppsala Basketball P10;Basketball;Q5_Athlete;"positive_circulation_response; equipment_preference";circular_exchange_engagement;;;;;;;;;;;;;;;;;;;;;;;;;;;;;;;;;;
T3_A02;T3;Uppsala Basketball P10;Basketball;Q6_Athlete;"app_preference; face_to_face_preference";exchange_modality_preference;;;;;;;;;;;;;;;;;;;;;;;;;;;;;;;;;;
T3_A02;T3;Uppsala Basketball P10;Basketball;Q7_Athlete;"fairness_reciprocity; social_comfort_broad; trust_safety";"equity_and_retention; trust_negotiation";;;;;;;;;;;;;;;;;;;;;;;;;;;;;;;;;;
T3_A02;T3;Uppsala Basketball P10;Basketball;Q8_Athlete;"social_comfort_broad; trust_safety";trust_negotiation;;;;;;;;;;;;;;;;;;;;;;;;;;;;;;;;;;
T3_A02;T3;Uppsala Basketball P10;Basketball;Q9_Athlete;"fairness_reciprocity; community_support";equity_and_retention;;;;;;;;;;;;;;;;;;;;;;;;;;;;;;;;;;
T3_A02;T3;Uppsala Basketball P10;Basketball;Q10_Athlete;positive_circulation_response;circular_exchange_engagement;;;;;;;;;;;;;;;;;;;;;;;;;;;;;;;;;;
T3_A02;T3;Uppsala Basketball P10;Basketball;Q11_Athlete;skeptical_response;evaluative_stance;;;;;;;;;;;;;;;;;;;;;;;;;;;;;;;;;;
T3_A02;T3;Uppsala Basketball P10;Basketball;Q12_Athlete;positive_acceptance;circular_exchange_engagement;;;;;;;;;;;;;;;;;;;;;;;;;;;;;;;;;;
T3_A02;T3;Uppsala Basketball P10;Basketball;Q13_Athlete;practical_system;circular_exchange_engagement;;;;;;;;;;;;;;;;;;;;;;;;;;;;;;;;;;
T3_A03;T3;Uppsala Basketball P10;Basketball;Q1_Athlete;motivation_reward;incentive_governance;;;;;;;;;;;;;;;;;;;;;;;;;;;;;;;;;;
T3_A03;T3;Uppsala Basketball P10;Basketball;Q2_Athlete;positive_acceptance;circular_exchange_engagement;;;;;;;;;;;;;;;;;;;;;;;;;;;;;;;;;;
T3_A03;T3;Uppsala Basketball P10;Basketball;Q3_Athlete;motivation_reward;incentive_governance;;;;;;;;;;;;;;;;;;;;;;;;;;;;;;;;;;
T3_A03;T3;Uppsala Basketball P10;Basketball;Q4_Athlete;equipment_preference;circular_exchange_engagement;;;;;;;;;;;;;;;;;;;;;;;;;;;;;;;;;;
T3_A03;T3;Uppsala Basketball P10;Basketball;Q5_Athlete;equipment_preference;circular_exchange_engagement;;;;;;;;;;;;;;;;;;;;;;;;;;;;;;;;;;
T3_A03;T3;Uppsala Basketball P10;Basketball;Q6_Athlete;"app_preference; face_to_face_preference";exchange_modality_preference;;;;;;;;;;;;;;;;;;;;;;;;;;;;;;;;;;
T3_A03;T3;Uppsala Basketball P10;Basketball;Q7_Athlete;"fairness_reciprocity; social_comfort_broad; trust_safety";"equity_and_retention; trust_negotiation";;;;;;;;;;;;;;;;;;;;;;;;;;;;;;;;;;
T3_A03;T3;Uppsala Basketball P10;Basketball;Q8_Athlete;"social_comfort_broad; trust_safety";trust_negotiation;;;;;;;;;;;;;;;;;;;;;;;;;;;;;;;;;;
T3_A03;T3;Uppsala Basketball P10;Basketball;Q9_Athlete;positive_acceptance;circular_exchange_engagement;;;;;;;;;;;;;;;;;;;;;;;;;;;;;;;;;;
T3_A03;T3;Uppsala Basketball P10;Basketball;Q10_Athlete;positive_circulation_response;circular_exchange_engagement;;;;;;;;;;;;;;;;;;;;;;;;;;;;;;;;;;
T3_A03;T3;Uppsala Basketball P10;Basketball;Q11_Athlete;skeptical_response;evaluative_stance;;;;;;;;;;;;;;;;;;;;;;;;;;;;;;;;;;
T3_A03;T3;Uppsala Basketball P10;Basketball;Q12_Athlete;"cost_access_barrier; inclusion_retention";equity_and_retention;;;;;;;;;;;;;;;;;;;;;;;;;;;;;;;;;;
T3_A03;T3;Uppsala Basketball P10;Basketball;Q13_Athlete;practical_system;circular_exchange_engagement;;;;;;;;;;;;;;;;;;;;;;;;;;;;;;;;;;
T3_A04;T3;Uppsala Basketball P10;Basketball;Q1_Athlete;positive_acceptance;circular_exchange_engagement;;;;;;;;;;;;;;;;;;;;;;;;;;;;;;;;;;
T3_A04;T3;Uppsala Basketball P10;Basketball;Q2_Athlete;positive_acceptance;circular_exchange_engagement;;;;;;;;;;;;;;;;;;;;;;;;;;;;;;;;;;
T3_A04;T3;Uppsala Basketball P10;Basketball;Q3_Athlete;hygiene_quality_concern;circular_exchange_engagement;;;;;;;;;;;;;;;;;;;;;;;;;;;;;;;;;;
T3_A04;T3;Uppsala Basketball P10;Basketball;Q4_Athlete;equipment_preference;circular_exchange_engagement;;;;;;;;;;;;;;;;;;;;;;;;;;;;;;;;;;
T3_A04;T3;Uppsala Basketball P10;Basketball;Q5_Athlete;equipment_preference;circular_exchange_engagement;;;;;;;;;;;;;;;;;;;;;;;;;;;;;;;;;;
T3_A04;T3;Uppsala Basketball P10;Basketball;Q6_Athlete;"app_preference; face_to_face_preference";exchange_modality_preference;;;;;;;;;;;;;;;;;;;;;;;;;;;;;;;;;;
T3_A04;T3;Uppsala Basketball P10;Basketball;Q7_Athlete;"motivation_reward; community_support";"incentive_governance; equity_and_retention";;;;;;;;;;;;;;;;;;;;;;;;;;;;;;;;;;
T3_A04;T3;Uppsala Basketball P10;Basketball;Q8_Athlete;"social_comfort_broad; trust_safety";trust_negotiation;;;;;;;;;;;;;;;;;;;;;;;;;;;;;;;;;;
T3_A04;T3;Uppsala Basketball P10;Basketball;Q9_Athlete;practical_system;circular_exchange_engagement;;;;;;;;;;;;;;;;;;;;;;;;;;;;;;;;;;
T3_A04;T3;Uppsala Basketball P10;Basketball;Q10_Athlete;negative_response;evaluative_stance;;;;;;;;;;;;;;;;;;;;;;;;;;;;;;;;;;
T3_A04;T3;Uppsala Basketball P10;Basketball;Q11_Athlete;skeptical_response;evaluative_stance;;;;;;;;;;;;;;;;;;;;;;;;;;;;;;;;;;
T3_A04;T3;Uppsala Basketball P10;Basketball;Q12_Athlete;"community_support; positive_acceptance";"equity_and_retention; circular_exchange_engagement";;;;;;;;;;;;;;;;;;;;;;;;;;;;;;;;;;
T3_A04;T3;Uppsala Basketball P10;Basketball;Q13_Athlete;"practical_system; trust_safety";"circular_exchange_engagement; trust_negotiation";;;;;;;;;;;;;;;;;;;;;;;;;;;;;;;;;;
T3_A05;T3;Uppsala Basketball P10;Basketball;Q1_Athlete;positive_acceptance;circular_exchange_engagement;;;;;;;;;;;;;;;;;;;;;;;;;;;;;;;;;;
T3_A05;T3;Uppsala Basketball P10;Basketball;Q2_Athlete;positive_acceptance;circular_exchange_engagement;;;;;;;;;;;;;;;;;;;;;;;;;;;;;;;;;;
T3_A05;T3;Uppsala Basketball P10;Basketball;Q3_Athlete;positive_acceptance;circular_exchange_engagement;;;;;;;;;;;;;;;;;;;;;;;;;;;;;;;;;;
T3_A05;T3;Uppsala Basketball P10;Basketball;Q4_Athlete;equipment_preference;circular_exchange_engagement;;;;;;;;;;;;;;;;;;;;;;;;;;;;;;;;;;
T3_A05;T3;Uppsala Basketball P10;Basketball;Q5_Athlete;equipment_preference;circular_exchange_engagement;;;;;;;;;;;;;;;;;;;;;;;;;;;;;;;;;;
T3_A05;T3;Uppsala Basketball P10;Basketball;Q6_Athlete;"app_preference; face_to_face_preference";exchange_modality_preference;;;;;;;;;;;;;;;;;;;;;;;;;;;;;;;;;;
T3_A05;T3;Uppsala Basketball P10;Basketball;Q7_Athlete;"fairness_reciprocity; social_comfort_broad; trust_safety";"equity_and_retention; trust_negotiation";;;;;;;;;;;;;;;;;;;;;;;;;;;;;;;;;;
T3_A05;T3;Uppsala Basketball P10;Basketball;Q8_Athlete;"social_comfort_broad; trust_safety";trust_negotiation;;;;;;;;;;;;;;;;;;;;;;;;;;;;;;;;;;
T3_A05;T3;Uppsala Basketball P10;Basketball;Q9_Athlete;"fairness_reciprocity; community_support";equity_and_retention;;;;;;;;;;;;;;;;;;;;;;;;;;;;;;;;;;
T3_A05;T3;Uppsala Basketball P10;Basketball;Q10_Athlete;positive_circulation_response;circular_exchange_engagement;;;;;;;;;;;;;;;;;;;;;;;;;;;;;;;;;;
T3_A05;T3;Uppsala Basketball P10;Basketball;Q11_Athlete;negative_response;evaluative_stance;;;;;;;;;;;;;;;;;;;;;;;;;;;;;;;;;;
T3_A05;T3;Uppsala Basketball P10;Basketball;Q12_Athlete;community_support;equity_and_retention;;;;;;;;;;;;;;;;;;;;;;;;;;;;;;;;;;
T3_A05;T3;Uppsala Basketball P10;Basketball;Q13_Athlete;"practical_system; scam_risk; trust_safety";"circular_exchange_engagement; trust_negotiation";;;;;;;;;;;;;;;;;;;;;;;;;;;;;;;;;;
T4_A01;T4;IF VP;Football;Q1_Athlete;positive_acceptance;circular_exchange_engagement;;;;;;;;;;;;;;;;;;;;;;;;;;;;;;;;;;
T4_A01;T4;IF VP;Football;Q2_Athlete;"motivation_reward; cost_access_barrier; skeptical_response";"incentive_governance; equity_and_retention; evaluative_stance";;;;;;;;;;;;;;;;;;;;;;;;;;;;;;;;;;
T4_A01;T4;IF VP;Football;Q3_Athlete;"positive_acceptance; community_support";"circular_exchange_engagement; equity_and_retention";;;;;;;;;;;;;;;;;;;;;;;;;;;;;;;;;;
T4_A01;T4;IF VP;Football;Q4_Athlete;"equipment_preference; community_support";"circular_exchange_engagement; equity_and_retention";;;;;;;;;;;;;;;;;;;;;;;;;;;;;;;;;;
T4_A01;T4;IF VP;Football;Q5_Athlete;"equipment_preference; community_support";"circular_exchange_engagement; equity_and_retention";;;;;;;;;;;;;;;;;;;;;;;;;;;;;;;;;;
T4_A01;T4;IF VP;Football;Q6_Athlete;app_preference;exchange_modality_preference;;;;;;;;;;;;;;;;;;;;;;;;;;;;;;;;;;
T4_A01;T4;IF VP;Football;Q7_Athlete;negative_response;evaluative_stance;;;;;;;;;;;;;;;;;;;;;;;;;;;;;;;;;;
T4_A01;T4;IF VP;Football;Q8_Athlete;"social_comfort_broad; trust_safety";trust_negotiation;;;;;;;;;;;;;;;;;;;;;;;;;;;;;;;;;;
T4_A01;T4;IF VP;Football;Q9_Athlete;fairness_reciprocity;equity_and_retention;;;;;;;;;;;;;;;;;;;;;;;;;;;;;;;;;;
T4_A01;T4;IF VP;Football;Q10_Athlete;positive_circulation_response;circular_exchange_engagement;;;;;;;;;;;;;;;;;;;;;;;;;;;;;;;;;;
T4_A01;T4;IF VP;Football;Q11_Athlete;"cost_access_barrier; no_inclusion_retention";equity_and_retention;;;;;;;;;;;;;;;;;;;;;;;;;;;;;;;;;;
T4_A01;T4;IF VP;Football;Q12_Athlete;positive_acceptance;circular_exchange_engagement;;;;;;;;;;;;;;;;;;;;;;;;;;;;;;;;;;
T4_A01;T4;IF VP;Football;Q13_Athlete;"practical_system; app_preference";"circular_exchange_engagement; exchange_modality_preference";;;;;;;;;;;;;;;;;;;;;;;;;;;;;;;;;;
T4_A02;T4;IF VP;Football;Q1_Athlete;positive_acceptance;circular_exchange_engagement;;;;;;;;;;;;;;;;;;;;;;;;;;;;;;;;;;
T4_A02;T4;IF VP;Football;Q2_Athlete;"motivation_reward; cost_access_barrier";"incentive_governance; equity_and_retention";;;;;;;;;;;;;;;;;;;;;;;;;;;;;;;;;;
T4_A02;T4;IF VP;Football;Q3_Athlete;"equipment_preference; skeptical_response; social_comfort_broad; trust_safety";"circular_exchange_engagement; evaluative_stance; trust_negotiation";;;;;;;;;;;;;;;;;;;;;;;;;;;;;;;;;;
T4_A02;T4;IF VP;Football;Q4_Athlete;equipment_preference;circular_exchange_engagement;;;;;;;;;;;;;;;;;;;;;;;;;;;;;;;;;;
T4_A02;T4;IF VP;Football;Q5_Athlete;"hygiene_quality_concern; equipment_preference";circular_exchange_engagement;;;;;;;;;;;;;;;;;;;;;;;;;;;;;;;;;;
T4_A02;T4;IF VP;Football;Q6_Athlete;"app_preference; face_to_face_preference";exchange_modality_preference;;;;;;;;;;;;;;;;;;;;;;;;;;;;;;;;;;
T4_A02;T4;IF VP;Football;Q7_Athlete;"motivation_reward; cost_access_barrier; app_preference";"incentive_governance; equity_and_retention; exchange_modality_preference";;;;;;;;;;;;;;;;;;;;;;;;;;;;;;;;;;
T4_A02;T4;IF VP;Football;Q8_Athlete;"social_comfort_broad; trust_safety";trust_negotiation;;;;;;;;;;;;;;;;;;;;;;;;;;;;;;;;;;
T4_A02;T4;IF VP;Football;Q9_Athlete;motivation_reward;incentive_governance;;;;;;;;;;;;;;;;;;;;;;;;;;;;;;;;;;
T4_A02;T4;IF VP;Football;Q10_Athlete;positive_circulation_response;circular_exchange_engagement;;;;;;;;;;;;;;;;;;;;;;;;;;;;;;;;;;
T4_A02;T4;IF VP;Football;Q11_Athlete;"cost_access_barrier;no_inclusion_retention";equity_and_retention;;;;;;;;;;;;;;;;;;;;;;;;;;;;;;;;;;
T4_A02;T4;IF VP;Football;Q12_Athlete;"motivation_reward; cost_access_barrier";"incentive_governance; equity_and_retention";;;;;;;;;;;;;;;;;;;;;;;;;;;;;;;;;;
T4_A02;T4;IF VP;Football;Q13_Athlete;practical_system;circular_exchange_engagement;;;;;;;;;;;;;;;;;;;;;;;;;;;;;;;;;;
T4_A03;T4;IF VP;Football;Q1_Athlete;"cost_access_barrier; practical_system";"equity_and_retention; circular_exchange_engagement";;;;;;;;;;;;;;;;;;;;;;;;;;;;;;;;;;
T4_A03;T4;IF VP;Football;Q2_Athlete;motivation_reward;incentive_governance;;;;;;;;;;;;;;;;;;;;;;;;;;;;;;;;;;
T4_A03;T4;IF VP;Football;Q3_Athlete;"social_comfort_team; positive_circulation_response; trust_safety; community_support";"trust_negotiation; circular_exchange_engagement; equity_and_retention";;;;;;;;;;;;;;;;;;;;;;;;;;;;;;;;;;
T4_A03;T4;IF VP;Football;Q4_Athlete;equipment_preference;circular_exchange_engagement;;;;;;;;;;;;;;;;;;;;;;;;;;;;;;;;;;
T4_A03;T4;IF VP;Football;Q5_Athlete;equipment_preference;circular_exchange_engagement;;;;;;;;;;;;;;;;;;;;;;;;;;;;;;;;;;
T4_A03;T4;IF VP;Football;Q6_Athlete;face_to_face_preference;exchange_modality_preference;;;;;;;;;;;;;;;;;;;;;;;;;;;;;;;;;;
T4_A03;T4;IF VP;Football;Q7_Athlete;negative_response;evaluative_stance;;;;;;;;;;;;;;;;;;;;;;;;;;;;;;;;;;
T4_A03;T4;IF VP;Football;Q8_Athlete;"social_comfort_broad; trust_safety";trust_negotiation;;;;;;;;;;;;;;;;;;;;;;;;;;;;;;;;;;
T4_A03;T4;IF VP;Football;Q9_Athlete;fairness_reciprocity;equity_and_retention;;;;;;;;;;;;;;;;;;;;;;;;;;;;;;;;;;
T4_A03;T4;IF VP;Football;Q10_Athlete;positive_circulation_response;circular_exchange_engagement;;;;;;;;;;;;;;;;;;;;;;;;;;;;;;;;;;
T4_A03;T4;IF VP;Football;Q11_Athlete;negative_response;evaluative_stance;;;;;;;;;;;;;;;;;;;;;;;;;;;;;;;;;;
T4_A03;T4;IF VP;Football;Q12_Athlete;positive_acceptance;circular_exchange_engagement;;;;;;;;;;;;;;;;;;;;;;;;;;;;;;;;;;
T4_A03;T4;IF VP;Football;Q13_Athlete;"practical_system; scam_risk; trust_safety";"circular_exchange_engagement; trust_negotiation";;;;;;;;;;;;;;;;;;;;;;;;;;;;;;;;;;
T4_A04;T4;IF VP;Football;Q1_Athlete;positive_acceptance;circular_exchange_engagement;;;;;;;;;;;;;;;;;;;;;;;;;;;;;;;;;;
T4_A04;T4;IF VP;Football;Q2_Athlete;motivation_reward;incentive_governance;;;;;;;;;;;;;;;;;;;;;;;;;;;;;;;;;;
T4_A04;T4;IF VP;Football;Q3_Athlete;cost_access_barrier;equity_and_retention;;;;;;;;;;;;;;;;;;;;;;;;;;;;;;;;;;
T4_A04;T4;IF VP;Football;Q4_Athlete;"positive_circulation_response; equipment_preference";circular_exchange_engagement;;;;;;;;;;;;;;;;;;;;;;;;;;;;;;;;;;
T4_A04;T4;IF VP;Football;Q5_Athlete;"positive_circulation_response; equipment_preference";circular_exchange_engagement;;;;;;;;;;;;;;;;;;;;;;;;;;;;;;;;;;
T4_A04;T4;IF VP;Football;Q6_Athlete;face_to_face_preference;exchange_modality_preference;;;;;;;;;;;;;;;;;;;;;;;;;;;;;;;;;;
T4_A04;T4;IF VP;Football;Q7_Athlete;"social_comfort_broad; trust_safety";trust_negotiation;;;;;;;;;;;;;;;;;;;;;;;;;;;;;;;;;;
T4_A04;T4;IF VP;Football;Q8_Athlete;"social_comfort_broad; trust_safety";trust_negotiation;;;;;;;;;;;;;;;;;;;;;;;;;;;;;;;;;;
T4_A04;T4;IF VP;Football;Q9_Athlete;fairness_reciprocity;equity_and_retention;;;;;;;;;;;;;;;;;;;;;;;;;;;;;;;;;;
T4_A04;T4;IF VP;Football;Q10_Athlete;negative_response;evaluative_stance;;;;;;;;;;;;;;;;;;;;;;;;;;;;;;;;;;
T4_A04;T4;IF VP;Football;Q11_Athlete;negative_response;evaluative_stance;;;;;;;;;;;;;;;;;;;;;;;;;;;;;;;;;;
T4_A04;T4;IF VP;Football;Q12_Athlete;positive_acceptance;circular_exchange_engagement;;;;;;;;;;;;;;;;;;;;;;;;;;;;;;;;;;
T4_A04;T4;IF VP;Football;Q13_Athlete;"practical_system; scam_risk; trust_safety";"circular_exchange_engagement; trust_negotiation";;;;;;;;;;;;;;;;;;;;;;;;;;;;;;;;;;
T4_A05;T4;IF VP;Football;Q1_Athlete;positive_acceptance;circular_exchange_engagement;;;;;;;;;;;;;;;;;;;;;;;;;;;;;;;;;;
T4_A05;T4;IF VP;Football;Q2_Athlete;motivation_reward;incentive_governance;;;;;;;;;;;;;;;;;;;;;;;;;;;;;;;;;;
T4_A05;T4;IF VP;Football;Q3_Athlete;"social_comfort_team; positive_circulation_response; trust_safety";"trust_negotiation; circular_exchange_engagement";;;;;;;;;;;;;;;;;;;;;;;;;;;;;;;;;;
T4_A05;T4;IF VP;Football;Q4_Athlete;"positive_circulation_response; equipment_preference";circular_exchange_engagement;;;;;;;;;;;;;;;;;;;;;;;;;;;;;;;;;;
T4_A05;T4;IF VP;Football;Q5_Athlete;"positive_circulation_response; equipment_preference";circular_exchange_engagement;;;;;;;;;;;;;;;;;;;;;;;;;;;;;;;;;;
T4_A05;T4;IF VP;Football;Q6_Athlete;"app_preference; face_to_face_preference";exchange_modality_preference;;;;;;;;;;;;;;;;;;;;;;;;;;;;;;;;;;
T4_A05;T4;IF VP;Football;Q7_Athlete;"social_comfort_broad; trust_safety";trust_negotiation;;;;;;;;;;;;;;;;;;;;;;;;;;;;;;;;;;
T4_A05;T4;IF VP;Football;Q8_Athlete;"social_comfort_team; positive_acceptance; trust_safety";"trust_negotiation; circular_exchange_engagement";;;;;;;;;;;;;;;;;;;;;;;;;;;;;;;;;;
T4_A05;T4;IF VP;Football;Q9_Athlete;fairness_reciprocity;equity_and_retention;;;;;;;;;;;;;;;;;;;;;;;;;;;;;;;;;;
T4_A05;T4;IF VP;Football;Q10_Athlete;"positive_circulation_response; community_support";"circular_exchange_engagement; equity_and_retention";;;;;;;;;;;;;;;;;;;;;;;;;;;;;;;;;;
T4_A05;T4;IF VP;Football;Q11_Athlete;"social_comfort_team; trust_safety";trust_negotiation;;;;;;;;;;;;;;;;;;;;;;;;;;;;;;;;;;
T4_A05;T4;IF VP;Football;Q12_Athlete;"cost_access_barrier; inclusion_retention";equity_and_retention;;;;;;;;;;;;;;;;;;;;;;;;;;;;;;;;;;
T4_A05;T4;IF VP;Football;Q13_Athlete;"practical_system; scam_risk; trust_safety";"circular_exchange_engagement; trust_negotiation";;;;;;;;;;;;;;;;;;;;;;;;;;;;;;;;;;
T4_A06;T4;IF VP;Football;Q1_Athlete;app_preference;exchange_modality_preference;;;;;;;;;;;;;;;;;;;;;;;;;;;;;;;;;;
T4_A06;T4;IF VP;Football;Q2_Athlete;cost_access_barrier;equity_and_retention;;;;;;;;;;;;;;;;;;;;;;;;;;;;;;;;;;
T4_A06;T4;IF VP;Football;Q3_Athlete;positive_acceptance;circular_exchange_engagement;;;;;;;;;;;;;;;;;;;;;;;;;;;;;;;;;;
T4_A06;T4;IF VP;Football;Q4_Athlete;"positive_circulation_response; community_support";"circular_exchange_engagement; equity_and_retention";;;;;;;;;;;;;;;;;;;;;;;;;;;;;;;;;;
T4_A06;T4;IF VP;Football;Q5_Athlete;"positive_circulation_response; community_support";"circular_exchange_engagement; equity_and_retention";;;;;;;;;;;;;;;;;;;;;;;;;;;;;;;;;;
T4_A06;T4;IF VP;Football;Q6_Athlete;"app_preference; face_to_face_preference";exchange_modality_preference;;;;;;;;;;;;;;;;;;;;;;;;;;;;;;;;;;
T4_A06;T4;IF VP;Football;Q7_Athlete;"social_comfort_broad; trust_safety";trust_negotiation;;;;;;;;;;;;;;;;;;;;;;;;;;;;;;;;;;
T4_A06;T4;IF VP;Football;Q8_Athlete;"social_comfort_broad; trust_safety";trust_negotiation;;;;;;;;;;;;;;;;;;;;;;;;;;;;;;;;;;
T4_A06;T4;IF VP;Football;Q9_Athlete;fairness_reciprocity;equity_and_retention;;;;;;;;;;;;;;;;;;;;;;;;;;;;;;;;;;
T4_A06;T4;IF VP;Football;Q10_Athlete;positive_circulation_response;circular_exchange_engagement;;;;;;;;;;;;;;;;;;;;;;;;;;;;;;;;;;
T4_A06;T4;IF VP;Football;Q11_Athlete;negative_response;evaluative_stance;;;;;;;;;;;;;;;;;;;;;;;;;;;;;;;;;;
T4_A06;T4;IF VP;Football;Q12_Athlete;"cost_access_barrier; inclusion_retention";equity_and_retention;;;;;;;;;;;;;;;;;;;;;;;;;;;;;;;;;;
T4_A06;T4;IF VP;Football;Q13_Athlete;practical_system;circular_exchange_engagement;;;;;;;;;;;;;;;;;;;;;;;;;;;;;;;;;;
T4_A07;T4;IF VP;Football;Q1_Athlete;"cost_access_barrier; app_preference";"equity_and_retention; exchange_modality_preference";;;;;;;;;;;;;;;;;;;;;;;;;;;;;;;;;;
T4_A07;T4;IF VP;Football;Q2_Athlete;cost_access_barrier;equity_and_retention;;;;;;;;;;;;;;;;;;;;;;;;;;;;;;;;;;
T4_A07;T4;IF VP;Football;Q3_Athlete;positive_acceptance;circular_exchange_engagement;;;;;;;;;;;;;;;;;;;;;;;;;;;;;;;;;;
T4_A07;T4;IF VP;Football;Q4_Athlete;equipment_preference;circular_exchange_engagement;;;;;;;;;;;;;;;;;;;;;;;;;;;;;;;;;;
T4_A07;T4;IF VP;Football;Q5_Athlete;"hygiene_quality_concern; equipment_preference";circular_exchange_engagement;;;;;;;;;;;;;;;;;;;;;;;;;;;;;;;;;;
T4_A07;T4;IF VP;Football;Q6_Athlete;"app_preference; face_to_face_preference";exchange_modality_preference;;;;;;;;;;;;;;;;;;;;;;;;;;;;;;;;;;
T4_A07;T4;IF VP;Football;Q7_Athlete;"social_comfort_broad; trust_safety";trust_negotiation;;;;;;;;;;;;;;;;;;;;;;;;;;;;;;;;;;
T4_A07;T4;IF VP;Football;Q8_Athlete;"social_comfort_broad; trust_safety";trust_negotiation;;;;;;;;;;;;;;;;;;;;;;;;;;;;;;;;;;
T4_A07;T4;IF VP;Football;Q9_Athlete;fairness_reciprocity;equity_and_retention;;;;;;;;;;;;;;;;;;;;;;;;;;;;;;;;;;
T4_A07;T4;IF VP;Football;Q10_Athlete;positive_circulation_response;circular_exchange_engagement;;;;;;;;;;;;;;;;;;;;;;;;;;;;;;;;;;
T4_A07;T4;IF VP;Football;Q11_Athlete;cost_access_barrier;equity_and_retention;;;;;;;;;;;;;;;;;;;;;;;;;;;;;;;;;;
T4_A07;T4;IF VP;Football;Q12_Athlete;"cost_access_barrier; inclusion_retention";equity_and_retention;;;;;;;;;;;;;;;;;;;;;;;;;;;;;;;;;;
T4_A07;T4;IF VP;Football;Q13_Athlete;practical_system;circular_exchange_engagement;;;;;;;;;;;;;;;;;;;;;;;;;;;;;;;;;;
T5_A01;T5;Uppsala IF U15;Football;Q1_Athlete;positive_acceptance;circular_exchange_engagement;;;;;;;;;;;;;;;;;;;;;;;;;;;;;;;;;;
T5_A01;T5;Uppsala IF U15;Football;Q2_Athlete;motivation_reward;incentive_governance;;;;;;;;;;;;;;;;;;;;;;;;;;;;;;;;;;
T5_A01;T5;Uppsala IF U15;Football;Q3_Athlete;"social_comfort_team; positive_circulation_response; trust_safety";"trust_negotiation; circular_exchange_engagement";;;;;;;;;;;;;;;;;;;;;;;;;;;;;;;;;;
T5_A01;T5;Uppsala IF U15;Football;Q4_Athlete;equipment_preference;circular_exchange_engagement;;;;;;;;;;;;;;;;;;;;;;;;;;;;;;;;;;
T5_A01;T5;Uppsala IF U15;Football;Q5_Athlete;equipment_preference;circular_exchange_engagement;;;;;;;;;;;;;;;;;;;;;;;;;;;;;;;;;;
T5_A01;T5;Uppsala IF U15;Football;Q6_Athlete;"app_preference; face_to_face_preference";exchange_modality_preference;;;;;;;;;;;;;;;;;;;;;;;;;;;;;;;;;;
T5_A01;T5;Uppsala IF U15;Football;Q7_Athlete;motivation_reward;incentive_governance;;;;;;;;;;;;;;;;;;;;;;;;;;;;;;;;;;
T5_A01;T5;Uppsala IF U15;Football;Q8_Athlete;"social_comfort_broad; positive_acceptance; trust_safety";"trust_negotiation; circular_exchange_engagement";;;;;;;;;;;;;;;;;;;;;;;;;;;;;;;;;;
T5_A01;T5;Uppsala IF U15;Football;Q9_Athlete;"fairness_reciprocity; community_support";equity_and_retention;;;;;;;;;;;;;;;;;;;;;;;;;;;;;;;;;;
T5_A01;T5;Uppsala IF U15;Football;Q10_Athlete;positive_circulation_response;circular_exchange_engagement;;;;;;;;;;;;;;;;;;;;;;;;;;;;;;;;;;
T5_A01;T5;Uppsala IF U15;Football;Q11_Athlete;cost_access_barrier;equity_and_retention;;;;;;;;;;;;;;;;;;;;;;;;;;;;;;;;;;
T5_A01;T5;Uppsala IF U15;Football;Q12_Athlete;"inclusion_retention; community_support";equity_and_retention;;;;;;;;;;;;;;;;;;;;;;;;;;;;;;;;;;
T5_A01;T5;Uppsala IF U15;Football;Q13_Athlete;practical_system;circular_exchange_engagement;;;;;;;;;;;;;;;;;;;;;;;;;;;;;;;;;;
T5_A02;T5;Uppsala IF U15;Football;Q1_Athlete;"cost_access_barrier; positive_acceptance";"equity_and_retention; circular_exchange_engagement";;;;;;;;;;;;;;;;;;;;;;;;;;;;;;;;;;
T5_A02;T5;Uppsala IF U15;Football;Q2_Athlete;motivation_reward;incentive_governance;;;;;;;;;;;;;;;;;;;;;;;;;;;;;;;;;;
T5_A02;T5;Uppsala IF U15;Football;Q3_Athlete;"social_comfort_team; positive_circulation_response; trust_safety";"trust_negotiation; circular_exchange_engagement";;;;;;;;;;;;;;;;;;;;;;;;;;;;;;;;;;
T5_A02;T5;Uppsala IF U15;Football;Q4_Athlete;"motivation_reward; equipment_preference";"incentive_governance; circular_exchange_engagement";;;;;;;;;;;;;;;;;;;;;;;;;;;;;;;;;;
T5_A02;T5;Uppsala IF U15;Football;Q5_Athlete;equipment_preference;circular_exchange_engagement;;;;;;;;;;;;;;;;;;;;;;;;;;;;;;;;;;
T5_A02;T5;Uppsala IF U15;Football;Q6_Athlete;"app_preference; face_to_face_preference";exchange_modality_preference;;;;;;;;;;;;;;;;;;;;;;;;;;;;;;;;;;
T5_A02;T5;Uppsala IF U15;Football;Q7_Athlete;"motivation_reward; cost_access_barrier";"incentive_governance; equity_and_retention";;;;;;;;;;;;;;;;;;;;;;;;;;;;;;;;;;
T5_A02;T5;Uppsala IF U15;Football;Q8_Athlete;"social_comfort_broad; trust_safety";trust_negotiation;;;;;;;;;;;;;;;;;;;;;;;;;;;;;;;;;;
T5_A02;T5;Uppsala IF U15;Football;Q9_Athlete;fairness_reciprocity;equity_and_retention;;;;;;;;;;;;;;;;;;;;;;;;;;;;;;;;;;
T5_A02;T5;Uppsala IF U15;Football;Q10_Athlete;positive_circulation_response;circular_exchange_engagement;;;;;;;;;;;;;;;;;;;;;;;;;;;;;;;;;;
T5_A02;T5;Uppsala IF U15;Football;Q11_Athlete;negative_response;evaluative_stance;;;;;;;;;;;;;;;;;;;;;;;;;;;;;;;;;;
T5_A02;T5;Uppsala IF U15;Football;Q12_Athlete;community_support;equity_and_retention;;;;;;;;;;;;;;;;;;;;;;;;;;;;;;;;;;
T5_A02;T5;Uppsala IF U15;Football;Q13_Athlete;practical_system;circular_exchange_engagement;;;;;;;;;;;;;;;;;;;;;;;;;;;;;;;;;;
T5_A03;T5;Uppsala IF U15;Football;Q1_Athlete;positive_acceptance;circular_exchange_engagement;;;;;;;;;;;;;;;;;;;;;;;;;;;;;;;;;;
T5_A03;T5;Uppsala IF U15;Football;Q2_Athlete;motivation_reward;incentive_governance;;;;;;;;;;;;;;;;;;;;;;;;;;;;;;;;;;
T5_A03;T5;Uppsala IF U15;Football;Q3_Athlete;positive_acceptance;circular_exchange_engagement;;;;;;;;;;;;;;;;;;;;;;;;;;;;;;;;;;
T5_A03;T5;Uppsala IF U15;Football;Q4_Athlete;equipment_preference;circular_exchange_engagement;;;;;;;;;;;;;;;;;;;;;;;;;;;;;;;;;;
T5_A03;T5;Uppsala IF U15;Football;Q5_Athlete;equipment_preference;circular_exchange_engagement;;;;;;;;;;;;;;;;;;;;;;;;;;;;;;;;;;
T5_A03;T5;Uppsala IF U15;Football;Q6_Athlete;"app_preference; face_to_face_preference";exchange_modality_preference;;;;;;;;;;;;;;;;;;;;;;;;;;;;;;;;;;
T5_A03;T5;Uppsala IF U15;Football;Q7_Athlete;motivation_reward;incentive_governance;;;;;;;;;;;;;;;;;;;;;;;;;;;;;;;;;;
T5_A03;T5;Uppsala IF U15;Football;Q8_Athlete;"social_comfort_broad; trust_safety";trust_negotiation;;;;;;;;;;;;;;;;;;;;;;;;;;;;;;;;;;
T5_A03;T5;Uppsala IF U15;Football;Q9_Athlete;scam_risk;trust_negotiation;;;;;;;;;;;;;;;;;;;;;;;;;;;;;;;;;;
T5_A03;T5;Uppsala IF U15;Football;Q10_Athlete;positive_circulation_response;circular_exchange_engagement;;;;;;;;;;;;;;;;;;;;;;;;;;;;;;;;;;
T5_A03;T5;Uppsala IF U15;Football;Q11_Athlete;"social_comfort_broad; trust_safety";trust_negotiation;;;;;;;;;;;;;;;;;;;;;;;;;;;;;;;;;;
T5_A03;T5;Uppsala IF U15;Football;Q12_Athlete;community_support;equity_and_retention;;;;;;;;;;;;;;;;;;;;;;;;;;;;;;;;;;
T5_A03;T5;Uppsala IF U15;Football;Q13_Athlete;practical_system;circular_exchange_engagement;;;;;;;;;;;;;;;;;;;;;;;;;;;;;;;;;;
T5_A04;T5;Uppsala IF U15;Football;Q1_Athlete;positive_acceptance;circular_exchange_engagement;;;;;;;;;;;;;;;;;;;;;;;;;;;;;;;;;;
T5_A04;T5;Uppsala IF U15;Football;Q2_Athlete;motivation_reward;incentive_governance;;;;;;;;;;;;;;;;;;;;;;;;;;;;;;;;;;
T5_A04;T5;Uppsala IF U15;Football;Q3_Athlete;positive_acceptance;circular_exchange_engagement;;;;;;;;;;;;;;;;;;;;;;;;;;;;;;;;;;
T5_A04;T5;Uppsala IF U15;Football;Q4_Athlete;equipment_preference;circular_exchange_engagement;;;;;;;;;;;;;;;;;;;;;;;;;;;;;;;;;;
T5_A04;T5;Uppsala IF U15;Football;Q5_Athlete;equipment_preference;circular_exchange_engagement;;;;;;;;;;;;;;;;;;;;;;;;;;;;;;;;;;
T5_A04;T5;Uppsala IF U15;Football;Q6_Athlete;"app_preference; face_to_face_preference";exchange_modality_preference;;;;;;;;;;;;;;;;;;;;;;;;;;;;;;;;;;
T5_A04;T5;Uppsala IF U15;Football;Q7_Athlete;motivation_reward;incentive_governance;;;;;;;;;;;;;;;;;;;;;;;;;;;;;;;;;;
T5_A04;T5;Uppsala IF U15;Football;Q8_Athlete;"social_comfort_broad; trust_safety";trust_negotiation;;;;;;;;;;;;;;;;;;;;;;;;;;;;;;;;;;
T5_A04;T5;Uppsala IF U15;Football;Q9_Athlete;scam_risk;trust_negotiation;;;;;;;;;;;;;;;;;;;;;;;;;;;;;;;;;;
T5_A04;T5;Uppsala IF U15;Football;Q10_Athlete;positive_circulation_response;circular_exchange_engagement;;;;;;;;;;;;;;;;;;;;;;;;;;;;;;;;;;
T5_A04;T5;Uppsala IF U15;Football;Q11_Athlete;"social_comfort_broad; trust_safety";trust_negotiation;;;;;;;;;;;;;;;;;;;;;;;;;;;;;;;;;;
T5_A04;T5;Uppsala IF U15;Football;Q12_Athlete;community_support;equity_and_retention;;;;;;;;;;;;;;;;;;;;;;;;;;;;;;;;;;
T5_A04;T5;Uppsala IF U15;Football;Q13_Athlete;practical_system;circular_exchange_engagement;;;;;;;;;;;;;;;;;;;;;;;;;;;;;;;;;;
T5_A05;T5;Uppsala IF U15;Football;Q1_Athlete;positive_acceptance;circular_exchange_engagement;;;;;;;;;;;;;;;;;;;;;;;;;;;;;;;;;;
T5_A05;T5;Uppsala IF U15;Football;Q2_Athlete;motivation_reward;incentive_governance;;;;;;;;;;;;;;;;;;;;;;;;;;;;;;;;;;
T5_A05;T5;Uppsala IF U15;Football;Q3_Athlete;"social_comfort_team; positive_circulation_response; trust_safety";"trust_negotiation; circular_exchange_engagement";;;;;;;;;;;;;;;;;;;;;;;;;;;;;;;;;;
T5_A05;T5;Uppsala IF U15;Football;Q4_Athlete;equipment_preference;circular_exchange_engagement;;;;;;;;;;;;;;;;;;;;;;;;;;;;;;;;;;
T5_A05;T5;Uppsala IF U15;Football;Q5_Athlete;equipment_preference;circular_exchange_engagement;;;;;;;;;;;;;;;;;;;;;;;;;;;;;;;;;;
T5_A05;T5;Uppsala IF U15;Football;Q6_Athlete;"app_preference; face_to_face_preference";exchange_modality_preference;;;;;;;;;;;;;;;;;;;;;;;;;;;;;;;;;;
T5_A05;T5;Uppsala IF U15;Football;Q7_Athlete;motivation_reward;incentive_governance;;;;;;;;;;;;;;;;;;;;;;;;;;;;;;;;;;
T5_A05;T5;Uppsala IF U15;Football;Q8_Athlete;"social_comfort_broad; positive_acceptance; trust_safety";"trust_negotiation; circular_exchange_engagement";;;;;;;;;;;;;;;;;;;;;;;;;;;;;;;;;;
T5_A05;T5;Uppsala IF U15;Football;Q9_Athlete;fairness_reciprocity;equity_and_retention;;;;;;;;;;;;;;;;;;;;;;;;;;;;;;;;;;
T5_A05;T5;Uppsala IF U15;Football;Q10_Athlete;positive_circulation_response;circular_exchange_engagement;;;;;;;;;;;;;;;;;;;;;;;;;;;;;;;;;;
T5_A05;T5;Uppsala IF U15;Football;Q11_Athlete;negative_response;evaluative_stance;;;;;;;;;;;;;;;;;;;;;;;;;;;;;;;;;;
T5_A05;T5;Uppsala IF U15;Football;Q12_Athlete;positive_acceptance;circular_exchange_engagement;;;;;;;;;;;;;;;;;;;;;;;;;;;;;;;;;;
T5_A05;T5;Uppsala IF U15;Football;Q13_Athlete;practical_system;circular_exchange_engagement;;;;;;;;;;;;;;;;;;;;;;;;;;;;;;;;;;
T5_A06;T5;Uppsala IF U15;Football;Q1_Athlete;positive_acceptance;circular_exchange_engagement;;;;;;;;;;;;;;;;;;;;;;;;;;;;;;;;;;
T5_A06;T5;Uppsala IF U15;Football;Q2_Athlete;motivation_reward;incentive_governance;;;;;;;;;;;;;;;;;;;;;;;;;;;;;;;;;;
T5_A06;T5;Uppsala IF U15;Football;Q3_Athlete;positive_acceptance;circular_exchange_engagement;;;;;;;;;;;;;;;;;;;;;;;;;;;;;;;;;;
T5_A06;T5;Uppsala IF U15;Football;Q4_Athlete;equipment_preference;circular_exchange_engagement;;;;;;;;;;;;;;;;;;;;;;;;;;;;;;;;;;
T5_A06;T5;Uppsala IF U15;Football;Q5_Athlete;equipment_preference;circular_exchange_engagement;;;;;;;;;;;;;;;;;;;;;;;;;;;;;;;;;;
T5_A06;T5;Uppsala IF U15;Football;Q6_Athlete;"app_preference; face_to_face_preference";exchange_modality_preference;;;;;;;;;;;;;;;;;;;;;;;;;;;;;;;;;;
T5_A06;T5;Uppsala IF U15;Football;Q7_Athlete;motivation_reward;incentive_governance;;;;;;;;;;;;;;;;;;;;;;;;;;;;;;;;;;
T5_A06;T5;Uppsala IF U15;Football;Q8_Athlete;"social_comfort_team; trust_safety";trust_negotiation;;;;;;;;;;;;;;;;;;;;;;;;;;;;;;;;;;
T5_A06;T5;Uppsala IF U15;Football;Q9_Athlete;"fairness_reciprocity; community_support";equity_and_retention;;;;;;;;;;;;;;;;;;;;;;;;;;;;;;;;;;
T5_A06;T5;Uppsala IF U15;Football;Q10_Athlete;positive_circulation_response;circular_exchange_engagement;;;;;;;;;;;;;;;;;;;;;;;;;;;;;;;;;;
T5_A06;T5;Uppsala IF U15;Football;Q11_Athlete;"social_comfort_broad; trust_safety";trust_negotiation;;;;;;;;;;;;;;;;;;;;;;;;;;;;;;;;;;
T5_A06;T5;Uppsala IF U15;Football;Q12_Athlete;positive_acceptance;circular_exchange_engagement;;;;;;;;;;;;;;;;;;;;;;;;;;;;;;;;;;
T5_A06;T5;Uppsala IF U15;Football;Q13_Athlete;practical_system;circular_exchange_engagement;;;;;;;;;;;;;;;;;;;;;;;;;;;;;;;;;;
T5_A07;T5;Uppsala IF U15;Football;Q1_Athlete;positive_acceptance;circular_exchange_engagement;;;;;;;;;;;;;;;;;;;;;;;;;;;;;;;;;;
T5_A07;T5;Uppsala IF U15;Football;Q2_Athlete;motivation_reward;incentive_governance;;;;;;;;;;;;;;;;;;;;;;;;;;;;;;;;;;
T5_A07;T5;Uppsala IF U15;Football;Q3_Athlete;"social_comfort_team; positive_circulation_response; trust_safety";"trust_negotiation; circular_exchange_engagement";;;;;;;;;;;;;;;;;;;;;;;;;;;;;;;;;;
T5_A07;T5;Uppsala IF U15;Football;Q4_Athlete;equipment_preference;circular_exchange_engagement;;;;;;;;;;;;;;;;;;;;;;;;;;;;;;;;;;
T5_A07;T5;Uppsala IF U15;Football;Q5_Athlete;equipment_preference;circular_exchange_engagement;;;;;;;;;;;;;;;;;;;;;;;;;;;;;;;;;;
T5_A07;T5;Uppsala IF U15;Football;Q6_Athlete;"app_preference; face_to_face_preference";exchange_modality_preference;;;;;;;;;;;;;;;;;;;;;;;;;;;;;;;;;;
T5_A07;T5;Uppsala IF U15;Football;Q7_Athlete;motivation_reward;incentive_governance;;;;;;;;;;;;;;;;;;;;;;;;;;;;;;;;;;
T5_A07;T5;Uppsala IF U15;Football;Q8_Athlete;"social_comfort_broad; trust_safety";trust_negotiation;;;;;;;;;;;;;;;;;;;;;;;;;;;;;;;;;;
T5_A07;T5;Uppsala IF U15;Football;Q9_Athlete;"fairness_reciprocity; community_support";equity_and_retention;;;;;;;;;;;;;;;;;;;;;;;;;;;;;;;;;;
T5_A07;T5;Uppsala IF U15;Football;Q10_Athlete;positive_circulation_response;circular_exchange_engagement;;;;;;;;;;;;;;;;;;;;;;;;;;;;;;;;;;
T5_A07;T5;Uppsala IF U15;Football;Q11_Athlete;"social_comfort_broad; community_support; trust_safety";"trust_negotiation; equity_and_retention";;;;;;;;;;;;;;;;;;;;;;;;;;;;;;;;;;
T5_A07;T5;Uppsala IF U15;Football;Q12_Athlete;"cost_access_barrier; inclusion_retention";equity_and_retention;;;;;;;;;;;;;;;;;;;;;;;;;;;;;;;;;;
T5_A07;T5;Uppsala IF U15;Football;Q13_Athlete;practical_system;circular_exchange_engagement;;;;;;;;;;;;;;;;;;;;;;;;;;;;;;;;;;
T6_A01;T6;Uppsala IF U16;Football;Q1_Athlete;"motivation_reward; app_preference";"incentive_governance; exchange_modality_preference";;;;;;;;;;;;;;;;;;;;;;;;;;;;;;;;;;
T6_A01;T6;Uppsala IF U16;Football;Q2_Athlete;motivation_reward;incentive_governance;;;;;;;;;;;;;;;;;;;;;;;;;;;;;;;;;;
T6_A01;T6;Uppsala IF U16;Football;Q3_Athlete;"social_comfort_team; positive_circulation_response; trust_safety";"trust_negotiation; circular_exchange_engagement";;;;;;;;;;;;;;;;;;;;;;;;;;;;;;;;;;
T6_A01;T6;Uppsala IF U16;Football;Q4_Athlete;equipment_preference;circular_exchange_engagement;;;;;;;;;;;;;;;;;;;;;;;;;;;;;;;;;;
T6_A01;T6;Uppsala IF U16;Football;Q5_Athlete;"hygiene_quality_concern; equipment_preference";circular_exchange_engagement;;;;;;;;;;;;;;;;;;;;;;;;;;;;;;;;;;
T6_A01;T6;Uppsala IF U16;Football;Q6_Athlete;face_to_face_preference;exchange_modality_preference;;;;;;;;;;;;;;;;;;;;;;;;;;;;;;;;;;
T6_A01;T6;Uppsala IF U16;Football;Q7_Athlete;"fairness_reciprocity; social_comfort_broad; trust_safety";"equity_and_retention; trust_negotiation";;;;;;;;;;;;;;;;;;;;;;;;;;;;;;;;;;
T6_A01;T6;Uppsala IF U16;Football;Q8_Athlete;"social_comfort_broad; positive_acceptance; trust_safety";"trust_negotiation; circular_exchange_engagement";;;;;;;;;;;;;;;;;;;;;;;;;;;;;;;;;;
T6_A01;T6;Uppsala IF U16;Football;Q9_Athlete;"fairness_reciprocity; community_support";equity_and_retention;;;;;;;;;;;;;;;;;;;;;;;;;;;;;;;;;;
T6_A01;T6;Uppsala IF U16;Football;Q10_Athlete;positive_circulation_response;circular_exchange_engagement;;;;;;;;;;;;;;;;;;;;;;;;;;;;;;;;;;
T6_A01;T6;Uppsala IF U16;Football;Q11_Athlete;"cost_access_barrier; no_inclusion_retention";equity_and_retention;;;;;;;;;;;;;;;;;;;;;;;;;;;;;;;;;;
T6_A01;T6;Uppsala IF U16;Football;Q12_Athlete;community_support;equity_and_retention;;;;;;;;;;;;;;;;;;;;;;;;;;;;;;;;;;
T6_A01;T6;Uppsala IF U16;Football;Q13_Athlete;practical_system;circular_exchange_engagement;;;;;;;;;;;;;;;;;;;;;;;;;;;;;;;;;;
T6_A02;T6;Uppsala IF U16;Football;Q1_Athlete;motivation_reward;incentive_governance;;;;;;;;;;;;;;;;;;;;;;;;;;;;;;;;;;
T6_A02;T6;Uppsala IF U16;Football;Q2_Athlete;positive_acceptance;circular_exchange_engagement;;;;;;;;;;;;;;;;;;;;;;;;;;;;;;;;;;
T6_A02;T6;Uppsala IF U16;Football;Q3_Athlete;"social_comfort_team; positive_circulation_response; trust_safety";"trust_negotiation; circular_exchange_engagement";;;;;;;;;;;;;;;;;;;;;;;;;;;;;;;;;;
T6_A02;T6;Uppsala IF U16;Football;Q4_Athlete;equipment_preference;circular_exchange_engagement;;;;;;;;;;;;;;;;;;;;;;;;;;;;;;;;;;
T6_A02;T6;Uppsala IF U16;Football;Q5_Athlete;"hygiene_quality_concern; equipment_preference";circular_exchange_engagement;;;;;;;;;;;;;;;;;;;;;;;;;;;;;;;;;;
T6_A02;T6;Uppsala IF U16;Football;Q6_Athlete;app_preference;exchange_modality_preference;;;;;;;;;;;;;;;;;;;;;;;;;;;;;;;;;;
T6_A02;T6;Uppsala IF U16;Football;Q7_Athlete;"fairness_reciprocity; social_comfort_broad; trust_safety";"equity_and_retention; trust_negotiation";;;;;;;;;;;;;;;;;;;;;;;;;;;;;;;;;;
T6_A02;T6;Uppsala IF U16;Football;Q8_Athlete;"social_comfort_team; positive_acceptance; trust_safety";"trust_negotiation; circular_exchange_engagement";;;;;;;;;;;;;;;;;;;;;;;;;;;;;;;;;;
T6_A02;T6;Uppsala IF U16;Football;Q9_Athlete;"fairness_reciprocity; community_support";equity_and_retention;;;;;;;;;;;;;;;;;;;;;;;;;;;;;;;;;;
T6_A02;T6;Uppsala IF U16;Football;Q10_Athlete;positive_circulation_response;circular_exchange_engagement;;;;;;;;;;;;;;;;;;;;;;;;;;;;;;;;;;
T6_A02;T6;Uppsala IF U16;Football;Q11_Athlete;negative_response;evaluative_stance;;;;;;;;;;;;;;;;;;;;;;;;;;;;;;;;;;
T6_A02;T6;Uppsala IF U16;Football;Q12_Athlete;community_support;equity_and_retention;;;;;;;;;;;;;;;;;;;;;;;;;;;;;;;;;;
T6_A02;T6;Uppsala IF U16;Football;Q13_Athlete;practical_system;circular_exchange_engagement;;;;;;;;;;;;;;;;;;;;;;;;;;;;;;;;;;
T6_A03;T6;Uppsala IF U16;Football;Q1_Athlete;motivation_reward;incentive_governance;;;;;;;;;;;;;;;;;;;;;;;;;;;;;;;;;;
T6_A03;T6;Uppsala IF U16;Football;Q2_Athlete;motivation_reward;incentive_governance;;;;;;;;;;;;;;;;;;;;;;;;;;;;;;;;;;
T6_A03;T6;Uppsala IF U16;Football;Q3_Athlete;"social_comfort_team; positive_circulation_response; trust_safety";"trust_negotiation; circular_exchange_engagement";;;;;;;;;;;;;;;;;;;;;;;;;;;;;;;;;;
T6_A03;T6;Uppsala IF U16;Football;Q4_Athlete;"hygiene_quality_concern; equipment_preference";circular_exchange_engagement;;;;;;;;;;;;;;;;;;;;;;;;;;;;;;;;;;
T6_A03;T6;Uppsala IF U16;Football;Q5_Athlete;"hygiene_quality_concern; equipment_preference";circular_exchange_engagement;;;;;;;;;;;;;;;;;;;;;;;;;;;;;;;;;;
T6_A03;T6;Uppsala IF U16;Football;Q6_Athlete;app_preference;exchange_modality_preference;;;;;;;;;;;;;;;;;;;;;;;;;;;;;;;;;;
T6_A03;T6;Uppsala IF U16;Football;Q7_Athlete;"fairness_reciprocity; social_comfort_broad; trust_safety";"equity_and_retention; trust_negotiation";;;;;;;;;;;;;;;;;;;;;;;;;;;;;;;;;;
T6_A03;T6;Uppsala IF U16;Football;Q8_Athlete;"social_comfort_team; trust_safety";trust_negotiation;;;;;;;;;;;;;;;;;;;;;;;;;;;;;;;;;;
T6_A03;T6;Uppsala IF U16;Football;Q9_Athlete;fairness_reciprocity;equity_and_retention;;;;;;;;;;;;;;;;;;;;;;;;;;;;;;;;;;
T6_A03;T6;Uppsala IF U16;Football;Q10_Athlete;positive_circulation_response;circular_exchange_engagement;;;;;;;;;;;;;;;;;;;;;;;;;;;;;;;;;;
T6_A03;T6;Uppsala IF U16;Football;Q11_Athlete;negative_response;evaluative_stance;;;;;;;;;;;;;;;;;;;;;;;;;;;;;;;;;;
T6_A03;T6;Uppsala IF U16;Football;Q12_Athlete;"cost_access_barrier; inclusion_retention";equity_and_retention;;;;;;;;;;;;;;;;;;;;;;;;;;;;;;;;;;
T6_A03;T6;Uppsala IF U16;Football;Q13_Athlete;practical_system;circular_exchange_engagement;;;;;;;;;;;;;;;;;;;;;;;;;;;;;;;;;;
T8_A01;T8;Rasbo IP U16;Football;Q1_Athlete;positive_acceptance;circular_exchange_engagement;;;;;;;;;;;;;;;;;;;;;;;;;;;;;;;;;;
T8_A01;T8;Rasbo IP U16;Football;Q2_Athlete;motivation_reward;incentive_governance;;;;;;;;;;;;;;;;;;;;;;;;;;;;;;;;;;
T8_A01;T8;Rasbo IP U16;Football;Q3_Athlete;"social_comfort_team; positive_circulation_response; trust_safety";"trust_negotiation; circular_exchange_engagement";;;;;;;;;;;;;;;;;;;;;;;;;;;;;;;;;;
T8_A01;T8;Rasbo IP U16;Football;Q4_Athlete;equipment_preference;circular_exchange_engagement;;;;;;;;;;;;;;;;;;;;;;;;;;;;;;;;;;
T8_A01;T8;Rasbo IP U16;Football;Q5_Athlete;"positive_circulation_response; equipment_preference";circular_exchange_engagement;;;;;;;;;;;;;;;;;;;;;;;;;;;;;;;;;;
T8_A01;T8;Rasbo IP U16;Football;Q6_Athlete;positive_acceptance;circular_exchange_engagement;;;;;;;;;;;;;;;;;;;;;;;;;;;;;;;;;;
T8_A01;T8;Rasbo IP U16;Football;Q7_Athlete;"fairness_reciprocity; social_comfort_broad; trust_safety";"equity_and_retention; trust_negotiation";;;;;;;;;;;;;;;;;;;;;;;;;;;;;;;;;;
T8_A01;T8;Rasbo IP U16;Football;Q8_Athlete;"social_comfort_broad; trust_safety";trust_negotiation;;;;;;;;;;;;;;;;;;;;;;;;;;;;;;;;;;
T8_A01;T8;Rasbo IP U16;Football;Q9_Athlete;community_support;equity_and_retention;;;;;;;;;;;;;;;;;;;;;;;;;;;;;;;;;;
T8_A01;T8;Rasbo IP U16;Football;Q10_Athlete;positive_circulation_response;circular_exchange_engagement;;;;;;;;;;;;;;;;;;;;;;;;;;;;;;;;;;
T8_A01;T8;Rasbo IP U16;Football;Q11_Athlete;"cost_access_barrier; skeptical_response";"equity_and_retention; evaluative_stance";;;;;;;;;;;;;;;;;;;;;;;;;;;;;;;;;;
T8_A01;T8;Rasbo IP U16;Football;Q12_Athlete;inclusion_retention;equity_and_retention;;;;;;;;;;;;;;;;;;;;;;;;;;;;;;;;;;
T8_A01;T8;Rasbo IP U16;Football;Q13_Athlete;practical_system;circular_exchange_engagement;;;;;;;;;;;;;;;;;;;;;;;;;;;;;;;;;;
T8_A02;T8;Rasbo IP U16;Football;Q1_Athlete;positive_acceptance;circular_exchange_engagement;;;;;;;;;;;;;;;;;;;;;;;;;;;;;;;;;;
T8_A02;T8;Rasbo IP U16;Football;Q2_Athlete;motivation_reward;incentive_governance;;;;;;;;;;;;;;;;;;;;;;;;;;;;;;;;;;
T8_A02;T8;Rasbo IP U16;Football;Q3_Athlete;"positive_acceptance; social_comfort_broad; trust_safety";"circular_exchange_engagement; trust_negotiation";;;;;;;;;;;;;;;;;;;;;;;;;;;;;;;;;;
T8_A02;T8;Rasbo IP U16;Football;Q4_Athlete;equipment_preference;circular_exchange_engagement;;;;;;;;;;;;;;;;;;;;;;;;;;;;;;;;;;
T8_A02;T8;Rasbo IP U16;Football;Q5_Athlete;"hygiene_quality_concern; equipment_preference";circular_exchange_engagement;;;;;;;;;;;;;;;;;;;;;;;;;;;;;;;;;;
T8_A02;T8;Rasbo IP U16;Football;Q6_Athlete;face_to_face_preference;exchange_modality_preference;;;;;;;;;;;;;;;;;;;;;;;;;;;;;;;;;;
T8_A02;T8;Rasbo IP U16;Football;Q7_Athlete;"social_comfort_broad; trust_safety";trust_negotiation;;;;;;;;;;;;;;;;;;;;;;;;;;;;;;;;;;
T8_A02;T8;Rasbo IP U16;Football;Q8_Athlete;"face_to_face_preference; social_comfort_broad; trust_safety";"exchange_modality_preference; trust_negotiation";;;;;;;;;;;;;;;;;;;;;;;;;;;;;;;;;;
T8_A02;T8;Rasbo IP U16;Football;Q9_Athlete;"fairness_reciprocity; community_support";equity_and_retention;;;;;;;;;;;;;;;;;;;;;;;;;;;;;;;;;;
T8_A02;T8;Rasbo IP U16;Football;Q10_Athlete;positive_circulation_response;circular_exchange_engagement;;;;;;;;;;;;;;;;;;;;;;;;;;;;;;;;;;
T8_A02;T8;Rasbo IP U16;Football;Q11_Athlete;"social_comfort_broad; trust_safety";trust_negotiation;;;;;;;;;;;;;;;;;;;;;;;;;;;;;;;;;;
T8_A02;T8;Rasbo IP U16;Football;Q12_Athlete;"face_to_face_preference; positive_acceptance";"exchange_modality_preference; circular_exchange_engagement";;;;;;;;;;;;;;;;;;;;;;;;;;;;;;;;;;
T8_A02;T8;Rasbo IP U16;Football;Q13_Athlete;practical_system;circular_exchange_engagement;;;;;;;;;;;;;;;;;;;;;;;;;;;;;;;;;;
T8_A03;T8;Rasbo IP U16;Football;Q1_Athlete;positive_acceptance;circular_exchange_engagement;;;;;;;;;;;;;;;;;;;;;;;;;;;;;;;;;;
T8_A03;T8;Rasbo IP U16;Football;Q2_Athlete;motivation_reward;incentive_governance;;;;;;;;;;;;;;;;;;;;;;;;;;;;;;;;;;
T8_A03;T8;Rasbo IP U16;Football;Q3_Athlete;"social_comfort_team; positive_circulation_response; trust_safety";"trust_negotiation; circular_exchange_engagement";;;;;;;;;;;;;;;;;;;;;;;;;;;;;;;;;;
T8_A03;T8;Rasbo IP U16;Football;Q4_Athlete;equipment_preference;circular_exchange_engagement;;;;;;;;;;;;;;;;;;;;;;;;;;;;;;;;;;
T8_A03;T8;Rasbo IP U16;Football;Q5_Athlete;"hygiene_quality_concern; equipment_preference";circular_exchange_engagement;;;;;;;;;;;;;;;;;;;;;;;;;;;;;;;;;;
T8_A03;T8;Rasbo IP U16;Football;Q6_Athlete;"app_preference; face_to_face_preference";exchange_modality_preference;;;;;;;;;;;;;;;;;;;;;;;;;;;;;;;;;;
T8_A03;T8;Rasbo IP U16;Football;Q7_Athlete;"social_comfort_broad; trust_safety";trust_negotiation;;;;;;;;;;;;;;;;;;;;;;;;;;;;;;;;;;
T8_A03;T8;Rasbo IP U16;Football;Q8_Athlete;"social_comfort_broad; trust_safety";trust_negotiation;;;;;;;;;;;;;;;;;;;;;;;;;;;;;;;;;;
T8_A03;T8;Rasbo IP U16;Football;Q9_Athlete;fairness_reciprocity;equity_and_retention;;;;;;;;;;;;;;;;;;;;;;;;;;;;;;;;;;
T8_A03;T8;Rasbo IP U16;Football;Q10_Athlete;positive_circulation_response;circular_exchange_engagement;;;;;;;;;;;;;;;;;;;;;;;;;;;;;;;;;;
T8_A03;T8;Rasbo IP U16;Football;Q11_Athlete;cost_access_barrier;equity_and_retention;;;;;;;;;;;;;;;;;;;;;;;;;;;;;;;;;;
T8_A03;T8;Rasbo IP U16;Football;Q12_Athlete;positive_acceptance;circular_exchange_engagement;;;;;;;;;;;;;;;;;;;;;;;;;;;;;;;;;;
T8_A03;T8;Rasbo IP U16;Football;Q13_Athlete;practical_system;circular_exchange_engagement;;;;;;;;;;;;;;;;;;;;;;;;;;;;;;;;;;
T8_A04;T8;Rasbo IP U16;Football;Q1_Athlete;positive_acceptance;circular_exchange_engagement;;;;;;;;;;;;;;;;;;;;;;;;;;;;;;;;;;
T8_A04;T8;Rasbo IP U16;Football;Q2_Athlete;motivation_reward;incentive_governance;;;;;;;;;;;;;;;;;;;;;;;;;;;;;;;;;;
T8_A04;T8;Rasbo IP U16;Football;Q3_Athlete;"social_comfort_team; positive_circulation_response; trust_safety";"trust_negotiation; circular_exchange_engagement";;;;;;;;;;;;;;;;;;;;;;;;;;;;;;;;;;
T8_A04;T8;Rasbo IP U16;Football;Q4_Athlete;equipment_preference;circular_exchange_engagement;;;;;;;;;;;;;;;;;;;;;;;;;;;;;;;;;;
T8_A04;T8;Rasbo IP U16;Football;Q5_Athlete;"hygiene_quality_concern; equipment_preference";circular_exchange_engagement;;;;;;;;;;;;;;;;;;;;;;;;;;;;;;;;;;
T8_A04;T8;Rasbo IP U16;Football;Q6_Athlete;"app_preference; face_to_face_preference";exchange_modality_preference;;;;;;;;;;;;;;;;;;;;;;;;;;;;;;;;;;
T8_A04;T8;Rasbo IP U16;Football;Q7_Athlete;"social_comfort_broad; trust_safety";trust_negotiation;;;;;;;;;;;;;;;;;;;;;;;;;;;;;;;;;;
T8_A04;T8;Rasbo IP U16;Football;Q8_Athlete;"social_comfort_broad; trust_safety";trust_negotiation;;;;;;;;;;;;;;;;;;;;;;;;;;;;;;;;;;
T8_A04;T8;Rasbo IP U16;Football;Q9_Athlete;fairness_reciprocity;equity_and_retention;;;;;;;;;;;;;;;;;;;;;;;;;;;;;;;;;;
T8_A04;T8;Rasbo IP U16;Football;Q10_Athlete;positive_circulation_response;circular_exchange_engagement;;;;;;;;;;;;;;;;;;;;;;;;;;;;;;;;;;
T8_A04;T8;Rasbo IP U16;Football;Q11_Athlete;no_inclusion_retention;equity_and_retention;;;;;;;;;;;;;;;;;;;;;;;;;;;;;;;;;;
T8_A04;T8;Rasbo IP U16;Football;Q12_Athlete;"cost_access_barrier; inclusion_retention";equity_and_retention;;;;;;;;;;;;;;;;;;;;;;;;;;;;;;;;;;
T8_A04;T8;Rasbo IP U16;Football;Q13_Athlete;practical_system;circular_exchange_engagement;;;;;;;;;;;;;;;;;;;;;;;;;;;;;;;;;;
T8_A05;T8;Rasbo IP U16;Football;Q1_Athlete;positive_acceptance;circular_exchange_engagement;;;;;;;;;;;;;;;;;;;;;;;;;;;;;;;;;;
T8_A05;T8;Rasbo IP U16;Football;Q2_Athlete;motivation_reward;incentive_governance;;;;;;;;;;;;;;;;;;;;;;;;;;;;;;;;;;
T8_A05;T8;Rasbo IP U16;Football;Q3_Athlete;"social_comfort_team; positive_circulation_response; trust_safety";"trust_negotiation; circular_exchange_engagement";;;;;;;;;;;;;;;;;;;;;;;;;;;;;;;;;;
T8_A05;T8;Rasbo IP U16;Football;Q4_Athlete;equipment_preference;circular_exchange_engagement;;;;;;;;;;;;;;;;;;;;;;;;;;;;;;;;;;
T8_A05;T8;Rasbo IP U16;Football;Q5_Athlete;equipment_preference;circular_exchange_engagement;;;;;;;;;;;;;;;;;;;;;;;;;;;;;;;;;;
T8_A05;T8;Rasbo IP U16;Football;Q6_Athlete;"app_preference; face_to_face_preference";exchange_modality_preference;;;;;;;;;;;;;;;;;;;;;;;;;;;;;;;;;;
T8_A05;T8;Rasbo IP U16;Football;Q7_Athlete;"fairness_reciprocity; social_comfort_broad; trust_safety";"equity_and_retention; trust_negotiation";;;;;;;;;;;;;;;;;;;;;;;;;;;;;;;;;;
T8_A05;T8;Rasbo IP U16;Football;Q8_Athlete;"social_comfort_broad; trust_safety";trust_negotiation;;;;;;;;;;;;;;;;;;;;;;;;;;;;;;;;;;
T8_A05;T8;Rasbo IP U16;Football;Q9_Athlete;"fairness_reciprocity; community_support";equity_and_retention;;;;;;;;;;;;;;;;;;;;;;;;;;;;;;;;;;
T8_A05;T8;Rasbo IP U16;Football;Q10_Athlete;positive_circulation_response;circular_exchange_engagement;;;;;;;;;;;;;;;;;;;;;;;;;;;;;;;;;;
T8_A05;T8;Rasbo IP U16;Football;Q11_Athlete;"social_comfort_broad; trust_safety";trust_negotiation;;;;;;;;;;;;;;;;;;;;;;;;;;;;;;;;;;
T8_A05;T8;Rasbo IP U16;Football;Q12_Athlete;positive_acceptance;circular_exchange_engagement;;;;;;;;;;;;;;;;;;;;;;;;;;;;;;;;;;
T8_A05;T8;Rasbo IP U16;Football;Q13_Athlete;practical_system;circular_exchange_engagement;;;;;;;;;;;;;;;;;;;;;;;;;;;;;;;;;;
T8_A06;T8;Rasbo IP U16;Football;Q1_Athlete;motivation_reward;incentive_governance;;;;;;;;;;;;;;;;;;;;;;;;;;;;;;;;;;
T8_A06;T8;Rasbo IP U16;Football;Q2_Athlete;motivation_reward;incentive_governance;;;;;;;;;;;;;;;;;;;;;;;;;;;;;;;;;;
T8_A06;T8;Rasbo IP U16;Football;Q3_Athlete;equipment_preference;circular_exchange_engagement;;;;;;;;;;;;;;;;;;;;;;;;;;;;;;;;;;
T8_A06;T8;Rasbo IP U16;Football;Q4_Athlete;equipment_preference;circular_exchange_engagement;;;;;;;;;;;;;;;;;;;;;;;;;;;;;;;;;;
T8_A06;T8;Rasbo IP U16;Football;Q5_Athlete;"hygiene_quality_concern; equipment_preference";circular_exchange_engagement;;;;;;;;;;;;;;;;;;;;;;;;;;;;;;;;;;
T8_A06;T8;Rasbo IP U16;Football;Q6_Athlete;"app_preference; face_to_face_preference";exchange_modality_preference;;;;;;;;;;;;;;;;;;;;;;;;;;;;;;;;;;
T8_A06;T8;Rasbo IP U16;Football;Q7_Athlete;"social_comfort_broad; trust_safety";trust_negotiation;;;;;;;;;;;;;;;;;;;;;;;;;;;;;;;;;;
T8_A06;T8;Rasbo IP U16;Football;Q8_Athlete;"social_comfort_broad; trust_safety";trust_negotiation;;;;;;;;;;;;;;;;;;;;;;;;;;;;;;;;;;
T8_A06;T8;Rasbo IP U16;Football;Q9_Athlete;community_support;equity_and_retention;;;;;;;;;;;;;;;;;;;;;;;;;;;;;;;;;;
T8_A06;T8;Rasbo IP U16;Football;Q10_Athlete;positive_circulation_response;circular_exchange_engagement;;;;;;;;;;;;;;;;;;;;;;;;;;;;;;;;;;
T8_A06;T8;Rasbo IP U16;Football;Q11_Athlete;face_to_face_preference;exchange_modality_preference;;;;;;;;;;;;;;;;;;;;;;;;;;;;;;;;;;
T8_A06;T8;Rasbo IP U16;Football;Q12_Athlete;"cost_access_barrier; positive_acceptance";"equity_and_retention; circular_exchange_engagement";;;;;;;;;;;;;;;;;;;;;;;;;;;;;;;;;;
T8_A06;T8;Rasbo IP U16;Football;Q13_Athlete;skeptical_response;evaluative_stance;;;;;;;;;;;;;;;;;;;;;;;;;;;;;;;;;;
C2;T2;Uppsala Basketball Lions;Basketball;Q1_Coach;"cost_access_barrier; inclusion_retention; competition_pressure";"equity_and_retention; incentive_governance";;;;;;;;;;;;;;;;;;;;;;;;;;;;;;;;;;
C2;T2;Uppsala Basketball Lions;Basketball;Q2_Coach;cost_access_barrier;equity_and_retention;;;;;;;;;;;;;;;;;;;;;;;;;;;;;;;;;;
C2;T2;Uppsala Basketball Lions;Basketball;Q3_Coach;"motivation_reward; trust_safety; social_comfort_team";"incentive_governance; trust_negotiation";;;;;;;;;;;;;;;;;;;;;;;;;;;;;;;;;;
C2;T2;Uppsala Basketball Lions;Basketball;Q4_Coach;equipment_preference;circular_exchange_engagement;;;;;;;;;;;;;;;;;;;;;;;;;;;;;;;;;;
C2;T2;Uppsala Basketball Lions;Basketball;Q5_Coach;"social_comfort_team; positive_circulation_response; community_support; trust_safety";"trust_negotiation; circular_exchange_engagement; equity_and_retention";;;;;;;;;;;;;;;;;;;;;;;;;;;;;;;;;;
C2;T2;Uppsala Basketball Lions;Basketball;Q6_Coach;"social_comfort_team; positive_circulation_response; skeptical_response; trust_safety";"trust_negotiation; circular_exchange_engagement; evaluative_stance";;;;;;;;;;;;;;;;;;;;;;;;;;;;;;;;;;
C2;T2;Uppsala Basketball Lions;Basketball;Q7_Coach;"community_support; positive_acceptance";"equity_and_retention; circular_exchange_engagement";;;;;;;;;;;;;;;;;;;;;;;;;;;;;;;;;;
C2;T2;Uppsala Basketball Lions;Basketball;Q8_Coach;"trust_safety; community_support; positive_acceptance";"trust_negotiation; equity_and_retention; circular_exchange_engagement";;;;;;;;;;;;;;;;;;;;;;;;;;;;;;;;;;
C2;T2;Uppsala Basketball Lions;Basketball;Q9_Coach;"motivation_reward; practical_system";"incentive_governance; circular_exchange_engagement";;;;;;;;;;;;;;;;;;;;;;;;;;;;;;;;;;
C2;T2;Uppsala Basketball Lions;Basketball;Q10_Coach;"community_support; competition_pressure";"equity_and_retention; incentive_governance";;;;;;;;;;;;;;;;;;;;;;;;;;;;;;;;;;
C2;T2;Uppsala Basketball Lions;Basketball;Q11_Coach;trust_safety;trust_negotiation;;;;;;;;;;;;;;;;;;;;;;;;;;;;;;;;;;
C2;T2;Uppsala Basketball Lions;Basketball;Q12_Coach;skeptical_response;evaluative_stance;;;;;;;;;;;;;;;;;;;;;;;;;;;;;;;;;;
C2;T2;Uppsala Basketball Lions;Basketball;Q13_Coach;"positive_circulation_response; positive_acceptance";circular_exchange_engagement;;;;;;;;;;;;;;;;;;;;;;;;;;;;;;;;;;
C2;T2;Uppsala Basketball Lions;Basketball;Q14_Coach;"scam_risk; hygiene_quality_concern; practical_system";"trust_negotiation; circular_exchange_engagement";;;;;;;;;;;;;;;;;;;;;;;;;;;;;;;;;;
C2;T2;Uppsala Basketball Lions;Basketball;Q15_Coach;"skeptical_response; cost_access_barrier";"evaluative_stance; equity_and_retention";;;;;;;;;;;;;;;;;;;;;;;;;;;;;;;;;;
C2;T2;Uppsala Basketball Lions;Basketball;Q16_Coach;"app_preference; social_comfort_broad; practical_system; trust_safety";"exchange_modality_preference; trust_negotiation; circular_exchange_engagement";;;;;;;;;;;;;;;;;;;;;;;;;;;;;;;;;;
C3;T3;Uppsala Basketball P10;Basketball;Q1_Coach;no_inclusion_retention;equity_and_retention;;;;;;;;;;;;;;;;;;;;;;;;;;;;;;;;;;
C3;T3;Uppsala Basketball P10;Basketball;Q2_Coach;"cost_access_barrier; no_inclusion_retention; community_support";equity_and_retention;;;;;;;;;;;;;;;;;;;;;;;;;;;;;;;;;;
C3;T3;Uppsala Basketball P10;Basketball;Q3_Coach;"social_comfort_team; community_support; trust_safety";"trust_negotiation; equity_and_retention";;;;;;;;;;;;;;;;;;;;;;;;;;;;;;;;;;
C3;T3;Uppsala Basketball P10;Basketball;Q4_Coach;equipment_preference;circular_exchange_engagement;;;;;;;;;;;;;;;;;;;;;;;;;;;;;;;;;;
C3;T3;Uppsala Basketball P10;Basketball;Q5_Coach;"cost_access_barrier; no_inclusion_retention";equity_and_retention;;;;;;;;;;;;;;;;;;;;;;;;;;;;;;;;;;
C3;T3;Uppsala Basketball P10;Basketball;Q6_Coach;"positive_circulation_response; community_support; positive_acceptance";"circular_exchange_engagement; equity_and_retention";;;;;;;;;;;;;;;;;;;;;;;;;;;;;;;;;;
C3;T3;Uppsala Basketball P10;Basketball;Q7_Coach;"motivation_reward; app_preference; practical_system";"incentive_governance; exchange_modality_preference; circular_exchange_engagement";;;;;;;;;;;;;;;;;;;;;;;;;;;;;;;;;;
C3;T3;Uppsala Basketball P10;Basketball;Q8_Coach;"competition_pressure; skeptical_response";"incentive_governance; evaluative_stance";;;;;;;;;;;;;;;;;;;;;;;;;;;;;;;;;;
C3;T3;Uppsala Basketball P10;Basketball;Q9_Coach;"motivation_reward; practical_system; competition_pressure";"incentive_governance; circular_exchange_engagement";;;;;;;;;;;;;;;;;;;;;;;;;;;;;;;;;;
C3;T3;Uppsala Basketball P10;Basketball;Q10_Coach;"motivation_reward; competition_pressure";incentive_governance;;;;;;;;;;;;;;;;;;;;;;;;;;;;;;;;;;
C3;T3;Uppsala Basketball P10;Basketball;Q11_Coach;"social_comfort_broad; trust_safety; community_support";"trust_negotiation; equity_and_retention";;;;;;;;;;;;;;;;;;;;;;;;;;;;;;;;;;
C3;T3;Uppsala Basketball P10;Basketball;Q12_Coach;skeptical_response;evaluative_stance;;;;;;;;;;;;;;;;;;;;;;;;;;;;;;;;;;
C3;T3;Uppsala Basketball P10;Basketball;Q13_Coach;"cost_access_barrier; app_preference; positive_circulation_response; practical_system";"equity_and_retention; exchange_modality_preference; circular_exchange_engagement";;;;;;;;;;;;;;;;;;;;;;;;;;;;;;;;;;
C3;T3;Uppsala Basketball P10;Basketball;Q14_Coach;"trust_safety; hygiene_quality_concern; positive_circulation_response; scam_risk";"trust_negotiation; circular_exchange_engagement";;;;;;;;;;;;;;;;;;;;;;;;;;;;;;;;;;
C3;T3;Uppsala Basketball P10;Basketball;Q15_Coach;"motivation_reward; skeptical_response; practical_system";"incentive_governance; evaluative_stance; circular_exchange_engagement";;;;;;;;;;;;;;;;;;;;;;;;;;;;;;;;;;
C3;T3;Uppsala Basketball P10;Basketball;Q16_Coach;"motivation_reward; cost_access_barrier; positive_circulation_response; practical_system";"incentive_governance; equity_and_retention; circular_exchange_engagement";;;;;;;;;;;;;;;;;;;;;;;;;;;;;;;;;;
C4;T4;IF VP;Football;Q1_Coach;"cost_access_barrier; inclusion_retention";equity_and_retention;;;;;;;;;;;;;;;;;;;;;;;;;;;;;;;;;;
C4;T4;IF VP;Football;Q2_Coach;"cost_access_barrier; community_support";equity_and_retention;;;;;;;;;;;;;;;;;;;;;;;;;;;;;;;;;;
C4;T4;IF VP;Football;Q3_Coach;"social_comfort_team; trust_safety";trust_negotiation;;;;;;;;;;;;;;;;;;;;;;;;;;;;;;;;;;
C4;T4;IF VP;Football;Q4_Coach;equipment_preference;circular_exchange_engagement;;;;;;;;;;;;;;;;;;;;;;;;;;;;;;;;;;
C4;T4;IF VP;Football;Q5_Coach;negative_response;evaluative_stance;;;;;;;;;;;;;;;;;;;;;;;;;;;;;;;;;;
C4;T4;IF VP;Football;Q6_Coach;positive_circulation_response;circular_exchange_engagement;;;;;;;;;;;;;;;;;;;;;;;;;;;;;;;;;;
C4;T4;IF VP;Football;Q7_Coach;"inclusion_retention; community_support; app_preference";"equity_and_retention; exchange_modality_preference";;;;;;;;;;;;;;;;;;;;;;;;;;;;;;;;;;
C4;T4;IF VP;Football;Q8_Coach;"app_preference; positive_acceptance";"exchange_modality_preference; circular_exchange_engagement";;;;;;;;;;;;;;;;;;;;;;;;;;;;;;;;;;
C4;T4;IF VP;Football;Q9_Coach;skeptical_response;evaluative_stance;;;;;;;;;;;;;;;;;;;;;;;;;;;;;;;;;;
C4;T4;IF VP;Football;Q10_Coach;positive_acceptance;circular_exchange_engagement;;;;;;;;;;;;;;;;;;;;;;;;;;;;;;;;;;
C4;T4;IF VP;Football;Q11_Coach;"trust_safety; social_comfort_team";trust_negotiation;;;;;;;;;;;;;;;;;;;;;;;;;;;;;;;;;;
C4;T4;IF VP;Football;Q12_Coach;"trust_safety; practical_system; scam_risk; social_comfort_broad";"trust_negotiation; circular_exchange_engagement";;;;;;;;;;;;;;;;;;;;;;;;;;;;;;;;;;
C4;T4;IF VP;Football;Q13_Coach;"cost_access_barrier; positive_acceptance";"equity_and_retention; circular_exchange_engagement";;;;;;;;;;;;;;;;;;;;;;;;;;;;;;;;;;
C4;T4;IF VP;Football;Q14_Coach;"hygiene_quality_concern; fairness_reciprocity; practical_system";"circular_exchange_engagement; equity_and_retention";;;;;;;;;;;;;;;;;;;;;;;;;;;;;;;;;;
C4;T4;IF VP;Football;Q15_Coach;skeptical_response;evaluative_stance;;;;;;;;;;;;;;;;;;;;;;;;;;;;;;;;;;
C4;T4;IF VP;Football;Q16_Coach;"cost_access_barrier; practical_system; positive_acceptance";"equity_and_retention; circular_exchange_engagement";;;;;;;;;;;;;;;;;;;;;;;;;;;;;;;;;;
C5a;T5;Uppsala IF U15;Football;Q1_Coach;no_inclusion_retention;equity_and_retention;;;;;;;;;;;;;;;;;;;;;;;;;;;;;;;;;;
C5a;T5;Uppsala IF U15;Football;Q2_Coach;"cost_access_barrier; inclusion_retention";equity_and_retention;;;;;;;;;;;;;;;;;;;;;;;;;;;;;;;;;;
C5a;T5;Uppsala IF U15;Football;Q3_Coach;"social_comfort_team; community_support";"trust_negotiation; equity_and_retention";;;;;;;;;;;;;;;;;;;;;;;;;;;;;;;;;;
C5a;T5;Uppsala IF U15;Football;Q4_Coach;equipment_preference;circular_exchange_engagement;;;;;;;;;;;;;;;;;;;;;;;;;;;;;;;;;;
C5a;T5;Uppsala IF U15;Football;Q5_Coach;negative_response;evaluative_stance;;;;;;;;;;;;;;;;;;;;;;;;;;;;;;;;;;
C5a;T5;Uppsala IF U15;Football;Q6_Coach;negative_response;evaluative_stance;;;;;;;;;;;;;;;;;;;;;;;;;;;;;;;;;;
C5a;T5;Uppsala IF U15;Football;Q7_Coach;positive_acceptance;circular_exchange_engagement;;;;;;;;;;;;;;;;;;;;;;;;;;;;;;;;;;
C5a;T5;Uppsala IF U15;Football;Q8_Coach;positive_acceptance;circular_exchange_engagement;;;;;;;;;;;;;;;;;;;;;;;;;;;;;;;;;;
C5a;T5;Uppsala IF U15;Football;Q9_Coach;motivation_reward;incentive_governance;;;;;;;;;;;;;;;;;;;;;;;;;;;;;;;;;;
C5a;T5;Uppsala IF U15;Football;Q10_Coach;skeptical_response;evaluative_stance;;;;;;;;;;;;;;;;;;;;;;;;;;;;;;;;;;
C5a;T5;Uppsala IF U15;Football;Q11_Coach;trust_safety;trust_negotiation;;;;;;;;;;;;;;;;;;;;;;;;;;;;;;;;;;
C5a;T5;Uppsala IF U15;Football;Q12_Coach;negative_response;evaluative_stance;;;;;;;;;;;;;;;;;;;;;;;;;;;;;;;;;;
C5a;T5;Uppsala IF U15;Football;Q13_Coach;"app_preference; positive_circulation_response";"exchange_modality_preference; circular_exchange_engagement";;;;;;;;;;;;;;;;;;;;;;;;;;;;;;;;;;
C5a;T5;Uppsala IF U15;Football;Q14_Coach;"hygiene_quality_concern; practical_system; positive_acceptance";circular_exchange_engagement;;;;;;;;;;;;;;;;;;;;;;;;;;;;;;;;;;
C5a;T5;Uppsala IF U15;Football;Q15_Coach;"inclusion_retention; community_support";equity_and_retention;;;;;;;;;;;;;;;;;;;;;;;;;;;;;;;;;;
C5a;T5;Uppsala IF U15;Football;Q16_Coach;"positive_acceptance;app_preference";"circular_exchange_engagement; exchange_modality_preference";;;;;;;;;;;;;;;;;;;;;;;;;;;;;;;;;;
C5b;T5;Uppsala IF U15;Football;Q1_Coach;inclusion_retention;equity_and_retention;;;;;;;;;;;;;;;;;;;;;;;;;;;;;;;;;;
C5b;T5;Uppsala IF U15;Football;Q2_Coach;"cost_access_barrier; practical_system; positive_acceptance";"equity_and_retention; circular_exchange_engagement";;;;;;;;;;;;;;;;;;;;;;;;;;;;;;;;;;
C5b;T5;Uppsala IF U15;Football;Q3_Coach;"social_comfort_team; community_support";"trust_negotiation; equity_and_retention";;;;;;;;;;;;;;;;;;;;;;;;;;;;;;;;;;
C5b;T5;Uppsala IF U15;Football;Q4_Coach;equipment_preference;circular_exchange_engagement;;;;;;;;;;;;;;;;;;;;;;;;;;;;;;;;;;
C5b;T5;Uppsala IF U15;Football;Q5_Coach;cost_access_barrier;equity_and_retention;;;;;;;;;;;;;;;;;;;;;;;;;;;;;;;;;;
C5b;T5;Uppsala IF U15;Football;Q6_Coach;"social_comfort_broad; positive_circulation_response";"trust_negotiation; circular_exchange_engagement";;;;;;;;;;;;;;;;;;;;;;;;;;;;;;;;;;
C5b;T5;Uppsala IF U15;Football;Q7_Coach;"app_preference; community_support; positive_acceptance";"exchange_modality_preference; equity_and_retention; circular_exchange_engagement";;;;;;;;;;;;;;;;;;;;;;;;;;;;;;;;;;
C5b;T5;Uppsala IF U15;Football;Q8_Coach;competition_pressure;incentive_governance;;;;;;;;;;;;;;;;;;;;;;;;;;;;;;;;;;
C5b;T5;Uppsala IF U15;Football;Q9_Coach;"motivation_reward; positive_circulation_response; practical_system; competition_pressure";"incentive_governance; circular_exchange_engagement";;;;;;;;;;;;;;;;;;;;;;;;;;;;;;;;;;
C5b;T5;Uppsala IF U15;Football;Q10_Coach;negative_response;evaluative_stance;;;;;;;;;;;;;;;;;;;;;;;;;;;;;;;;;;
C5b;T5;Uppsala IF U15;Football;Q11_Coach;trust_safety;trust_negotiation;;;;;;;;;;;;;;;;;;;;;;;;;;;;;;;;;;
C5b;T5;Uppsala IF U15;Football;Q12_Coach;negative_response;evaluative_stance;;;;;;;;;;;;;;;;;;;;;;;;;;;;;;;;;;
C5b;T5;Uppsala IF U15;Football;Q13_Coach;positive_acceptance;circular_exchange_engagement;;;;;;;;;;;;;;;;;;;;;;;;;;;;;;;;;;
C5b;T5;Uppsala IF U15;Football;Q14_Coach;"hygiene_quality_concern; app_preference; positive_acceptance; skeptical_response";"circular_exchange_engagement; exchange_modality_preference; evaluative_stance";;;;;;;;;;;;;;;;;;;;;;;;;;;;;;;;;;
C5b;T5;Uppsala IF U15;Football;Q15_Coach;"social_comfort_team; community_support";"trust_negotiation; equity_and_retention";;;;;;;;;;;;;;;;;;;;;;;;;;;;;;;;;;
C5b;T5;Uppsala IF U15;Football;Q16_Coach;negative_response;evaluative_stance;;;;;;;;;;;;;;;;;;;;;;;;;;;;;;;;;;
C5c;T5;Uppsala IF U15;Football;Q1_Coach;no_inclusion_retention;equity_and_retention;;;;;;;;;;;;;;;;;;;;;;;;;;;;;;;;;;
C5c;T5;Uppsala IF U15;Football;Q2_Coach;cost_access_barrier;equity_and_retention;;;;;;;;;;;;;;;;;;;;;;;;;;;;;;;;;;
C5c;T5;Uppsala IF U15;Football;Q3_Coach;motivation_reward;incentive_governance;;;;;;;;;;;;;;;;;;;;;;;;;;;;;;;;;;
C5c;T5;Uppsala IF U15;Football;Q4_Coach;equipment_preference;circular_exchange_engagement;;;;;;;;;;;;;;;;;;;;;;;;;;;;;;;;;;
C5c;T5;Uppsala IF U15;Football;Q5_Coach;cost_access_barrier;equity_and_retention;;;;;;;;;;;;;;;;;;;;;;;;;;;;;;;;;;
C5c;T5;Uppsala IF U15;Football;Q6_Coach;skeptical_response;evaluative_stance;;;;;;;;;;;;;;;;;;;;;;;;;;;;;;;;;;
C5c;T5;Uppsala IF U15;Football;Q7_Coach;positive_acceptance;circular_exchange_engagement;;;;;;;;;;;;;;;;;;;;;;;;;;;;;;;;;;
C5c;T5;Uppsala IF U15;Football;Q8_Coach;"motivation_reward; competition_pressure; positive_acceptance";"incentive_governance; circular_exchange_engagement";;;;;;;;;;;;;;;;;;;;;;;;;;;;;;;;;;
C5c;T5;Uppsala IF U15;Football;Q9_Coach;"motivation_reward; positive_acceptance; trust_safety";"incentive_governance; circular_exchange_engagement; trust_negotiation";;;;;;;;;;;;;;;;;;;;;;;;;;;;;;;;;;
C5c;T5;Uppsala IF U15;Football;Q10_Coach;motivation_reward;incentive_governance;;;;;;;;;;;;;;;;;;;;;;;;;;;;;;;;;;
C5c;T5;Uppsala IF U15;Football;Q11_Coach;"trust_safety; community_support";"trust_negotiation; equity_and_retention";;;;;;;;;;;;;;;;;;;;;;;;;;;;;;;;;;
C5c;T5;Uppsala IF U15;Football;Q12_Coach;negative_response;evaluative_stance;;;;;;;;;;;;;;;;;;;;;;;;;;;;;;;;;;
C5c;T5;Uppsala IF U15;Football;Q13_Coach;"cost_access_barrier; positive_acceptance";"equity_and_retention; circular_exchange_engagement";;;;;;;;;;;;;;;;;;;;;;;;;;;;;;;;;;
C5c;T5;Uppsala IF U15;Football;Q14_Coach;"hygiene_quality_concern; app_preference; positive_acceptance; practical_system";"circular_exchange_engagement; exchange_modality_preference";;;;;;;;;;;;;;;;;;;;;;;;;;;;;;;;;;
C5c;T5;Uppsala IF U15;Football;Q15_Coach;positive_acceptance;circular_exchange_engagement;;;;;;;;;;;;;;;;;;;;;;;;;;;;;;;;;;
C5c;T5;Uppsala IF U15;Football;Q16_Coach;negative_response;evaluative_stance;;;;;;;;;;;;;;;;;;;;;;;;;;;;;;;;;;
C6;T6;Uppsala IF U16;Football;Q1_Coach;competition_pressure;incentive_governance;;;;;;;;;;;;;;;;;;;;;;;;;;;;;;;;;;
C6;T6;Uppsala IF U16;Football;Q2_Coach;cost_access_barrier;equity_and_retention;;;;;;;;;;;;;;;;;;;;;;;;;;;;;;;;;;
C6;T6;Uppsala IF U16;Football;Q3_Coach;"social_comfort_team; trust_safety";trust_negotiation;;;;;;;;;;;;;;;;;;;;;;;;;;;;;;;;;;
C6;T6;Uppsala IF U16;Football;Q4_Coach;equipment_preference;circular_exchange_engagement;;;;;;;;;;;;;;;;;;;;;;;;;;;;;;;;;;
C6;T6;Uppsala IF U16;Football;Q5_Coach;"cost_access_barrier; positive_circulation_response; social_comfort_team; trust_safety";"equity_and_retention; circular_exchange_engagement; trust_negotiation";;;;;;;;;;;;;;;;;;;;;;;;;;;;;;;;;;
C6;T6;Uppsala IF U16;Football;Q6_Coach;"positive_circulation_response;social_comfort_broad";"circular_exchange_engagement; trust_negotiation";;;;;;;;;;;;;;;;;;;;;;;;;;;;;;;;;;
C6;T6;Uppsala IF U16;Football;Q7_Coach;app_preference;exchange_modality_preference;;;;;;;;;;;;;;;;;;;;;;;;;;;;;;;;;;
C6;T6;Uppsala IF U16;Football;Q8_Coach;skeptical_response;evaluative_stance;;;;;;;;;;;;;;;;;;;;;;;;;;;;;;;;;;
C6;T6;Uppsala IF U16;Football;Q9_Coach;motivation_reward;incentive_governance;;;;;;;;;;;;;;;;;;;;;;;;;;;;;;;;;;
C6;T6;Uppsala IF U16;Football;Q10_Coach;motivation_reward;incentive_governance;;;;;;;;;;;;;;;;;;;;;;;;;;;;;;;;;;
C6;T6;Uppsala IF U16;Football;Q11_Coach;"trust_safety; social_comfort_team";trust_negotiation;;;;;;;;;;;;;;;;;;;;;;;;;;;;;;;;;;
C6;T6;Uppsala IF U16;Football;Q12_Coach;"trust_safety; social_comfort_broad";trust_negotiation;;;;;;;;;;;;;;;;;;;;;;;;;;;;;;;;;;
C6;T6;Uppsala IF U16;Football;Q13_Coach;"app_preference; positive_circulation_response";"exchange_modality_preference; circular_exchange_engagement";;;;;;;;;;;;;;;;;;;;;;;;;;;;;;;;;;
C6;T6;Uppsala IF U16;Football;Q14_Coach;"hygiene_quality_concern; fairness_reciprocity; positive_circulation_response; skeptical_response";"circular_exchange_engagement; equity_and_retention; evaluative_stance";;;;;;;;;;;;;;;;;;;;;;;;;;;;;;;;;;
C6;T6;Uppsala IF U16;Football;Q15_Coach;"inclusion_retention; community_support";equity_and_retention;;;;;;;;;;;;;;;;;;;;;;;;;;;;;;;;;;
C6;T6;Uppsala IF U16;Football;Q16_Coach;skeptical_response;evaluative_stance;;;;;;;;;;;;;;;;;;;;;;;;;;;;;;;;;;
C7;T7;Uppsala IF U18;Football;Q1_Coach;no_inclusion_retention;equity_and_retention;;;;;;;;;;;;;;;;;;;;;;;;;;;;;;;;;;
C7;T7;Uppsala IF U18;Football;Q2_Coach;cost_access_barrier;equity_and_retention;;;;;;;;;;;;;;;;;;;;;;;;;;;;;;;;;;
C7;T7;Uppsala IF U18;Football;Q3_Coach;"social_comfort_broad; positive_acceptance; trust_safety";"trust_negotiation; circular_exchange_engagement";;;;;;;;;;;;;;;;;;;;;;;;;;;;;;;;;;
C7;T7;Uppsala IF U18;Football;Q4_Coach;equipment_preference;circular_exchange_engagement;;;;;;;;;;;;;;;;;;;;;;;;;;;;;;;;;;
C7;T7;Uppsala IF U18;Football;Q5_Coach;"cost_access_barrier; social_comfort_broad; positive_circulation_response; community_support; trust_safety";"equity_and_retention; trust_negotiation; circular_exchange_engagement";;;;;;;;;;;;;;;;;;;;;;;;;;;;;;;;;;
C7;T7;Uppsala IF U18;Football;Q6_Coach;positive_acceptance;circular_exchange_engagement;;;;;;;;;;;;;;;;;;;;;;;;;;;;;;;;;;
C7;T7;Uppsala IF U18;Football;Q7_Coach;"app_preference; community_support";"exchange_modality_preference; equity_and_retention";;;;;;;;;;;;;;;;;;;;;;;;;;;;;;;;;;
C7;T7;Uppsala IF U18;Football;Q8_Coach;"social_comfort_broad; trust_safety";trust_negotiation;;;;;;;;;;;;;;;;;;;;;;;;;;;;;;;;;;
C7;T7;Uppsala IF U18;Football;Q9_Coach;"motivation_reward; skeptical_response; app_preference";"incentive_governance; evaluative_stance; exchange_modality_preference";;;;;;;;;;;;;;;;;;;;;;;;;;;;;;;;;;
C7;T7;Uppsala IF U18;Football;Q10_Coach;negative_response;evaluative_stance;;;;;;;;;;;;;;;;;;;;;;;;;;;;;;;;;;
C7;T7;Uppsala IF U18;Football;Q11_Coach;"trust_safety; social_comfort_team";trust_negotiation;;;;;;;;;;;;;;;;;;;;;;;;;;;;;;;;;;
C7;T7;Uppsala IF U18;Football;Q12_Coach;"social_comfort_broad; positive_circulation_response; trust_safety";"trust_negotiation; circular_exchange_engagement";;;;;;;;;;;;;;;;;;;;;;;;;;;;;;;;;;
C7;T7;Uppsala IF U18;Football;Q13_Coach;"practical_system; positive_acceptance";circular_exchange_engagement;;;;;;;;;;;;;;;;;;;;;;;;;;;;;;;;;;
C7;T7;Uppsala IF U18;Football;Q14_Coach;"trust_safety; practical_system; positive_acceptance; scam_risk";"trust_negotiation; circular_exchange_engagement";;;;;;;;;;;;;;;;;;;;;;;;;;;;;;;;;;
C7;T7;Uppsala IF U18;Football;Q15_Coach;"positive_acceptance; inclusion_retention";"circular_exchange_engagement; equity_and_retention";;;;;;;;;;;;;;;;;;;;;;;;;;;;;;;;;;
C7;T7;Uppsala IF U18;Football;Q16_Coach;"app_preference; practical_system";"exchange_modality_preference; circular_exchange_engagement";;;;;;;;;;;;;;;;;;;;;;;;;;;;;;;;;;
C8;T8;Rasbo IP U16;Football;Q1_Coach;no_inclusion_retention;equity_and_retention;;;;;;;;;;;;;;;;;;;;;;;;;;;;;;;;;;
C8;T8;Rasbo IP U16;Football;Q2_Coach;"cost_access_barrier; inclusion_retention";equity_and_retention;;;;;;;;;;;;;;;;;;;;;;;;;;;;;;;;;;
C8;T8;Rasbo IP U16;Football;Q3_Coach;"social_comfort_team; trust_safety";trust_negotiation;;;;;;;;;;;;;;;;;;;;;;;;;;;;;;;;;;
C8;T8;Rasbo IP U16;Football;Q4_Coach;equipment_preference;circular_exchange_engagement;;;;;;;;;;;;;;;;;;;;;;;;;;;;;;;;;;
C8;T8;Rasbo IP U16;Football;Q5_Coach;"positive_circulation_response; social_comfort_team; trust_safety";"circular_exchange_engagement; trust_negotiation";;;;;;;;;;;;;;;;;;;;;;;;;;;;;;;;;;
C8;T8;Rasbo IP U16;Football;Q6_Coach;community_support;equity_and_retention;;;;;;;;;;;;;;;;;;;;;;;;;;;;;;;;;;
C8;T8;Rasbo IP U16;Football;Q7_Coach;positive_acceptance;circular_exchange_engagement;;;;;;;;;;;;;;;;;;;;;;;;;;;;;;;;;;
C8;T8;Rasbo IP U16;Football;Q8_Coach;"motivation_reward; app_preference; positive_acceptance";"incentive_governance; exchange_modality_preference; circular_exchange_engagement";;;;;;;;;;;;;;;;;;;;;;;;;;;;;;;;;;
C8;T8;Rasbo IP U16;Football;Q9_Coach;"motivation_reward; competition_pressure";incentive_governance;;;;;;;;;;;;;;;;;;;;;;;;;;;;;;;;;;
C8;T8;Rasbo IP U16;Football;Q10_Coach;motivation_reward;incentive_governance;;;;;;;;;;;;;;;;;;;;;;;;;;;;;;;;;;
C8;T8;Rasbo IP U16;Football;Q11_Coach;positive_acceptance;circular_exchange_engagement;;;;;;;;;;;;;;;;;;;;;;;;;;;;;;;;;;
C8;T8;Rasbo IP U16;Football;Q12_Coach;positive_acceptance;circular_exchange_engagement;;;;;;;;;;;;;;;;;;;;;;;;;;;;;;;;;;
C8;T8;Rasbo IP U16;Football;Q13_Coach;"app_preference; positive_circulation_response";"exchange_modality_preference; circular_exchange_engagement";;;;;;;;;;;;;;;;;;;;;;;;;;;;;;;;;;
C8;T8;Rasbo IP U16;Football;Q14_Coach;hygiene_quality_concern;circular_exchange_engagement;;;;;;;;;;;;;;;;;;;;;;;;;;;;;;;;;;
C8;T8;Rasbo IP U16;Football;Q15_Coach;"inclusion_retention; community_support";equity_and_retention;;;;;;;;;;;;;;;;;;;;;;;;;;;;;;;;;;
C8;T8;Rasbo IP U16;Football;Q16_Coach;"app_preference; practical_system";"exchange_modality_preference; circular_exchange_engagement";;;;;;;;;;;;;;;;;;;;;;;;;;;;;;;;;;
;;;;;;;;;;;;;;;;;;;;;;;;;;;;;;;;;;;;;;;;
;;;;;;;;;;;;;;;;;;;;;;;;;;;;;;;;;;;;;;;;
;;;;;;;;;;;;;;;;;;;;;;;;;;;;;;;;;;;;;;;;
;;;;;;;;;;;;;;;;;;;;;;;;;;;;;;;;;;;;;;;;
;;;;;;;;;;;;;;;;;;;;;;;;;;;;;;;;;;;;;;;;
;;;;;;;;;;;;;;;;;;;;;;;;;;;;;;;;;;;;;;;;
;;;;;;;;;;;;;;;;;;;;;;;;;;;;;;;;;;;;;;;;
;;;;;;;;;;;;;;;;;;;;;;;;;;;;;;;;;;;;;;;;
;;;;;;;;;;;;;;;;;;;;;;;;;;;;;;;;;;;;;;;;
;;;;;;;;;;;;;;;;;;;;;;;;;;;;;;;;;;;;;;;;
;;;;;;;;;;;;;;;;;;;;;;;;;;;;;;;;;;;;;;;;
;;;;;;;;;;;;;;;;;;;;;;;;;;;;;;;;;;;;;;;;
;;;;;;;;;;;;;;;;;;;;;;;;;;;;;;;;;;;;;;;;
;;;;;;;;;;;;;;;;;;;;;;;;;;;;;;;;;;;;;;;;
;;;;;;;;;;;;;;;;;;;;;;;;;;;;;;;;;;;;;;;;
;;;;;;;;;;;;;;;;;;;;;;;;;;;;;;;;;;;;;;;;
;;;;;;;;;;;;;;;;;;;;;;;;;;;;;;;;;;;;;;;;
;;;;;;;;;;;;;;;;;;;;;;;;;;;;;;;;;;;;;;;;
;;;;;;;;;;;;;;;;;;;;;;;;;;;;;;;;;;;;;;;;
;;;;;;;;;;;;;;;;;;;;;;;;;;;;;;;;;;;;;;;;
;;;;;;;;;;;;;;;;;;;;;;;;;;;;;;;;;;;;;;;;
;;;;;;;;;;;;;;;;;;;;;;;;;;;;;;;;;;;;;;;;
;;;;;;;;;;;;;;;;;;;;;;;;;;;;;;;;;;;;;;;;
;;;;;;;;;;;;;;;;;;;;;;;;;;;;;;;;;;;;;;;;
;;;;;;;;;;;;;;;;;;;;;;;;;;;;;;;;;;;;;;;;
;;;;;;;;;;;;;;;;;;;;;;;;;;;;;;;;;;;;;;;;
;;;;;;;;;;;;;;;;;;;;;;;;;;;;;;;;;;;;;;;;
;;;;;;;;;;;;;;;;;;;;;;;;;;;;;;;;;;;;;;;;
;;;;;;;;;;;;;;;;;;;;;;;;;;;;;;;;;;;;;;;;
;;;;;;;;;;;;;;;;;;;;;;;;;;;;;;;;;;;;;;;;
;;;;;;;;;;;;;;;;;;;;;;;;;;;;;;;;;;;;;;;;
;;;;;;;;;;;;;;;;;;;;;;;;;;;;;;;;;;;;;;;;
;;;;;;;;;;;;;;;;;;;;;;;;;;;;;;;;;;;;;;;;
;;;;;;;;;;;;;;;;;;;;;;;;;;;;;;;;;;;;;;;;
;;;;;;;;;;;;;;;;;;;;;;;;;;;;;;;;;;;;;;;;
;;;;;;;;;;;;;;;;;;;;;;;;;;;;;;;;;;;;;;;;
;;;;;;;;;;;;;;;;;;;;;;;;;;;;;;;;;;;;;;;;
;;;;;;;;;;;;;;;;;;;;;;;;;;;;;;;;;;;;;;;;
;;;;;;;;;;;;;;;;;;;;;;;;;;;;;;;;;;;;;;;;
;;;;;;;;;;;;;;;;;;;;;;;;;;;;;;;;;;;;;;;;
;;;;;;;;;;;;;;;;;;;;;;;;;;;;;;;;;;;;;;;;
;;;;;;;;;;;;;;;;;;;;;;;;;;;;;;;;;;;;;;;;
;;;;;;;;;;;;;;;;;;;;;;;;;;;;;;;;;;;;;;;;
;;;;;;;;;;;;;;;;;;;;;;;;;;;;;;;;;;;;;;;;
;;;;;;;;;;;;;;;;;;;;;;;;;;;;;;;;;;;;;;;;
;;;;;;;;;;;;;;;;;;;;;;;;;;;;;;;;;;;;;;;;
;;;;;;;;;;;;;;;;;;;;;;;;;;;;;;;;;;;;;;;;
;;;;;;;;;;;;;;;;;;;;;;;;;;;;;;;;;;;;;;;;
;;;;;;;;;;;;;;;;;;;;;;;;;;;;;;;;;;;;;;;;
;;;;;;;;;;;;;;;;;;;;;;;;;;;;;;;;;;;;;;;;
;;;;;;;;;;;;;;;;;;;;;;;;;;;;;;;;;;;;;;;;
;;;;;;;;;;;;;;;;;;;;;;;;;;;;;;;;;;;;;;;;
;;;;;;;;;;;;;;;;;;;;;;;;;;;;;;;;;;;;;;;;
;;;;;;;;;;;;;;;;;;;;;;;;;;;;;;;;;;;;;;;;
;;;;;;;;;;;;;;;;;;;;;;;;;;;;;;;;;;;;;;;;
;;;;;;;;;;;;;;;;;;;;;;;;;;;;;;;;;;;;;;;;
